ARM GAS  /tmp/ccgit7Ho.s 			page 1


   1              		.cpu cortex-m4
   2              		.eabi_attribute 27, 1
   3              		.eabi_attribute 28, 1
   4              		.eabi_attribute 20, 1
   5              		.eabi_attribute 21, 1
   6              		.eabi_attribute 23, 3
   7              		.eabi_attribute 24, 1
   8              		.eabi_attribute 25, 1
   9              		.eabi_attribute 26, 1
  10              		.eabi_attribute 30, 1
  11              		.eabi_attribute 34, 1
  12              		.eabi_attribute 18, 4
  13              		.file	"main.c"
  14              		.text
  15              	.Ltext0:
  16              		.cfi_sections	.debug_frame
  17              		.section	.text.MX_GPIO_Init,"ax",%progbits
  18              		.align	1
  19              		.arch armv7e-m
  20              		.syntax unified
  21              		.thumb
  22              		.thumb_func
  23              		.fpu fpv4-sp-d16
  25              	MX_GPIO_Init:
  26              	.LFB140:
  27              		.file 1 "Core/Src/main.c"
   1:Core/Src/main.c **** /* USER CODE BEGIN Header */
   2:Core/Src/main.c **** /**
   3:Core/Src/main.c ****   ******************************************************************************
   4:Core/Src/main.c ****   * @file           : main.c
   5:Core/Src/main.c ****   * @brief          : Main program body
   6:Core/Src/main.c ****   ******************************************************************************
   7:Core/Src/main.c ****   * @attention
   8:Core/Src/main.c ****   *
   9:Core/Src/main.c ****   * Copyright (c) 2026 STMicroelectronics.
  10:Core/Src/main.c ****   * All rights reserved.
  11:Core/Src/main.c ****   *
  12:Core/Src/main.c ****   * This software is licensed under terms that can be found in the LICENSE file
  13:Core/Src/main.c ****   * in the root directory of this software component.
  14:Core/Src/main.c ****   * If no LICENSE file comes with this software, it is provided AS-IS.
  15:Core/Src/main.c ****   *
  16:Core/Src/main.c ****   ******************************************************************************
  17:Core/Src/main.c ****   */
  18:Core/Src/main.c **** /* USER CODE END Header */
  19:Core/Src/main.c **** /* Includes ------------------------------------------------------------------*/
  20:Core/Src/main.c **** #include "main.h"
  21:Core/Src/main.c **** #include "cmsis_os.h"
  22:Core/Src/main.c **** 
  23:Core/Src/main.c **** /* Private includes ----------------------------------------------------------*/
  24:Core/Src/main.c **** /* USER CODE BEGIN Includes */
  25:Core/Src/main.c **** #include "can.h"
  26:Core/Src/main.c **** #include "math_ops.h"
  27:Core/Src/main.c **** /* USER CODE END Includes */
  28:Core/Src/main.c **** 
  29:Core/Src/main.c **** /* Private typedef -----------------------------------------------------------*/
  30:Core/Src/main.c **** /* USER CODE BEGIN PTD */
  31:Core/Src/main.c **** 
ARM GAS  /tmp/ccgit7Ho.s 			page 2


  32:Core/Src/main.c **** /* USER CODE END PTD */
  33:Core/Src/main.c **** 
  34:Core/Src/main.c **** /* Private define ------------------------------------------------------------*/
  35:Core/Src/main.c **** /* USER CODE BEGIN PD */
  36:Core/Src/main.c **** #define RAD_TO_DEG(rad) 	((rad) * 57.29577951308232f)  // 180/π
  37:Core/Src/main.c **** #define DEG_TO_RAD(deg) 	((deg) * 0.017453292519943f)  // π/180
  38:Core/Src/main.c **** 
  39:Core/Src/main.c **** #define RPM_TO_RADS(rpm)	((rpm) * 0.1047197551f)				// 2π/60
  40:Core/Src/main.c **** #define RADS_TO_RPM(rads)	((rads)* 9.549296586f)				// 60/2π
  41:Core/Src/main.c **** 
  42:Core/Src/main.c **** /* USER CODE END PD */
  43:Core/Src/main.c **** 
  44:Core/Src/main.c **** /* Private macro -------------------------------------------------------------*/
  45:Core/Src/main.c **** /* USER CODE BEGIN PM */
  46:Core/Src/main.c **** 
  47:Core/Src/main.c **** /* USER CODE END PM */
  48:Core/Src/main.c **** 
  49:Core/Src/main.c **** /* Private variables ---------------------------------------------------------*/
  50:Core/Src/main.c **** CAN_HandleTypeDef hcan2;
  51:Core/Src/main.c **** 
  52:Core/Src/main.c **** /* Definitions for defaultTask */
  53:Core/Src/main.c **** osThreadId_t defaultTaskHandle;
  54:Core/Src/main.c **** const osThreadAttr_t defaultTask_attributes = {
  55:Core/Src/main.c ****   .name = "defaultTask",
  56:Core/Src/main.c ****   .stack_size = 256 * 4,
  57:Core/Src/main.c ****   .priority = (osPriority_t) osPriorityNormal,
  58:Core/Src/main.c **** };
  59:Core/Src/main.c **** 
  60:Core/Src/main.c **** osThreadId_t Task1Handle;
  61:Core/Src/main.c **** const osThreadAttr_t Task1_attributes = {
  62:Core/Src/main.c ****   .name = "Task1",
  63:Core/Src/main.c ****   .stack_size = 256 * 4,
  64:Core/Src/main.c ****   .priority = (osPriority_t) osPriorityNormal,
  65:Core/Src/main.c **** };
  66:Core/Src/main.c **** /* USER CODE BEGIN PV */
  67:Core/Src/main.c **** 
  68:Core/Src/main.c **** /* can setup*/
  69:Core/Src/main.c **** CANTxMessage can_tx;
  70:Core/Src/main.c **** CANRxMessage can_rx;
  71:Core/Src/main.c **** JointCommand_t joint_cmd;
  72:Core/Src/main.c **** JointState_t joint_state;
  73:Core/Src/main.c **** 
  74:Core/Src/main.c **** JointRobot_t motorID_1;
  75:Core/Src/main.c **** JointRobot_t motorID_2;
  76:Core/Src/main.c **** JointRobot_t motorID_3;
  77:Core/Src/main.c **** JointRobot_t motorID_4;
  78:Core/Src/main.c **** JointRobot_t motorID_5;
  79:Core/Src/main.c **** 
  80:Core/Src/main.c **** /* USER CODE END PV */
  81:Core/Src/main.c **** 
  82:Core/Src/main.c **** /* Private function prototypes -----------------------------------------------*/
  83:Core/Src/main.c **** void SystemClock_Config(void);
  84:Core/Src/main.c **** static void MX_GPIO_Init(void);
  85:Core/Src/main.c **** 
  86:Core/Src/main.c **** void StartDefaultTask(void *argument);
  87:Core/Src/main.c **** void Task1(void *argument);
  88:Core/Src/main.c **** /* USER CODE BEGIN PFP */
ARM GAS  /tmp/ccgit7Ho.s 			page 3


  89:Core/Src/main.c ****   float anpha = 0.0f; 
  90:Core/Src/main.c **** float f = 1.0f;           // Tần số dao động của động cơ (VD: 1 Hz)
  91:Core/Src/main.c **** float dt = 0.005f;        // Chu kỳ vòng lặp 5ms (osDelay(5))
  92:Core/Src/main.c **** // float delta = 2.0f * M_PI * f * dt; // Bước nhảy của góc sau mỗi 5ms
  93:Core/Src/main.c **** 
  94:Core/Src/main.c **** 
  95:Core/Src/main.c **** float speed = 10000.0f;             // Tốc độ mong muốn (VD: 100 độ/giây)
  96:Core/Src/main.c **** // float delta_pos = speed * dt;     // Lượng góc tăng/giảm mỗi 5ms (0.5 độ)
  97:Core/Src/main.c **** 
  98:Core/Src/main.c **** float current_pos = 0.0f;         // Góc hiện tại
  99:Core/Src/main.c **** float max_pos = 1500.0f;           // Góc tối đa
 100:Core/Src/main.c **** float min_pos = -1500.0f;             // Góc tối thiểu
 101:Core/Src/main.c **** int8_t direction = 1;             // Chiều quay: 1 (tăng), -1 (giảm)
 102:Core/Src/main.c **** /* USER CODE END PFP */
 103:Core/Src/main.c **** 
 104:Core/Src/main.c **** /* Private user code ---------------------------------------------------------*/
 105:Core/Src/main.c **** /* USER CODE BEGIN 0 */
 106:Core/Src/main.c **** 
 107:Core/Src/main.c **** /* USER CODE END 0 */
 108:Core/Src/main.c **** 
 109:Core/Src/main.c **** /**
 110:Core/Src/main.c ****   * @brief  The application entry point.
 111:Core/Src/main.c ****   * @retval int
 112:Core/Src/main.c ****   */
 113:Core/Src/main.c **** int main(void)
 114:Core/Src/main.c **** {
 115:Core/Src/main.c **** 
 116:Core/Src/main.c ****   /* USER CODE BEGIN 1 */
 117:Core/Src/main.c **** 
 118:Core/Src/main.c ****   /* USER CODE END 1 */
 119:Core/Src/main.c **** 
 120:Core/Src/main.c ****   /* MCU Configuration--------------------------------------------------------*/
 121:Core/Src/main.c **** 
 122:Core/Src/main.c ****   /* Reset of all peripherals, Initializes the Flash interface and the Systick. */
 123:Core/Src/main.c ****   HAL_Init();
 124:Core/Src/main.c **** 
 125:Core/Src/main.c ****   /* USER CODE BEGIN Init */
 126:Core/Src/main.c **** 
 127:Core/Src/main.c ****   /* USER CODE END Init */
 128:Core/Src/main.c **** 
 129:Core/Src/main.c ****   /* Configure the system clock */
 130:Core/Src/main.c ****   SystemClock_Config();
 131:Core/Src/main.c **** 
 132:Core/Src/main.c ****   /* USER CODE BEGIN SysInit */
 133:Core/Src/main.c **** 
 134:Core/Src/main.c ****   /* USER CODE END SysInit */
 135:Core/Src/main.c **** 
 136:Core/Src/main.c ****   /* Initialize all configured peripherals */
 137:Core/Src/main.c ****   MX_GPIO_Init();
 138:Core/Src/main.c ****   MX_CAN2_Init();
 139:Core/Src/main.c ****   /* USER CODE BEGIN 2 */
 140:Core/Src/main.c **** 
 141:Core/Src/main.c ****   /*CAN setup   */
 142:Core/Src/main.c ****   can_rx_init(&can_rx);
 143:Core/Src/main.c ****   can_tx_init(&can_tx);
 144:Core/Src/main.c ****   HAL_CAN_Start(&hcan2);
 145:Core/Src/main.c ****   HAL_CAN_ActivateNotification(&hcan2, CAN_IT_RX_FIFO0_MSG_PENDING);
ARM GAS  /tmp/ccgit7Ho.s 			page 4


 146:Core/Src/main.c **** 	
 147:Core/Src/main.c ****   /* USER CODE END 2 */
 148:Core/Src/main.c **** 
 149:Core/Src/main.c ****   /* Init scheduler */
 150:Core/Src/main.c ****   osKernelInitialize();
 151:Core/Src/main.c **** 
 152:Core/Src/main.c ****   /* USER CODE BEGIN RTOS_MUTEX */
 153:Core/Src/main.c ****   /* add mutexes, ... */
 154:Core/Src/main.c ****   /* USER CODE END RTOS_MUTEX */
 155:Core/Src/main.c **** 
 156:Core/Src/main.c ****   /* USER CODE BEGIN RTOS_SEMAPHORES */
 157:Core/Src/main.c ****   /* add semaphores, ... */
 158:Core/Src/main.c ****   /* USER CODE END RTOS_SEMAPHORES */
 159:Core/Src/main.c **** 
 160:Core/Src/main.c ****   /* USER CODE BEGIN RTOS_TIMERS */
 161:Core/Src/main.c ****   /* start timers, add new ones, ... */
 162:Core/Src/main.c ****   /* USER CODE END RTOS_TIMERS */
 163:Core/Src/main.c **** 
 164:Core/Src/main.c ****   /* USER CODE BEGIN RTOS_QUEUES */
 165:Core/Src/main.c ****   /* add queues, ... */
 166:Core/Src/main.c ****   /* USER CODE END RTOS_QUEUES */
 167:Core/Src/main.c **** 
 168:Core/Src/main.c ****   /* Create the thread(s) */
 169:Core/Src/main.c ****   /* creation of defaultTask */
 170:Core/Src/main.c ****   defaultTaskHandle = osThreadNew(StartDefaultTask, NULL, &defaultTask_attributes);
 171:Core/Src/main.c ****   Task1Handle = osThreadNew(Task1, NULL, &Task1_attributes);
 172:Core/Src/main.c ****   /* USER CODE BEGIN RTOS_THREADS */
 173:Core/Src/main.c ****   /* add threads, ... */
 174:Core/Src/main.c ****   /* USER CODE END RTOS_THREADS */
 175:Core/Src/main.c **** 
 176:Core/Src/main.c ****   /* USER CODE BEGIN RTOS_EVENTS */
 177:Core/Src/main.c ****   /* add events, ... */
 178:Core/Src/main.c ****   /* USER CODE END RTOS_EVENTS */
 179:Core/Src/main.c **** 
 180:Core/Src/main.c ****   /* Start scheduler */
 181:Core/Src/main.c ****   osKernelStart();
 182:Core/Src/main.c **** 
 183:Core/Src/main.c ****   /* We should never get here as control is now taken by the scheduler */
 184:Core/Src/main.c **** 
 185:Core/Src/main.c ****   /* Infinite loop */
 186:Core/Src/main.c ****   /* USER CODE BEGIN WHILE */
 187:Core/Src/main.c ****   while (1)
 188:Core/Src/main.c ****   {
 189:Core/Src/main.c ****     /* USER CODE END WHILE */
 190:Core/Src/main.c **** 
 191:Core/Src/main.c ****     /* USER CODE BEGIN 3 */
 192:Core/Src/main.c ****   }
 193:Core/Src/main.c ****   /* USER CODE END 3 */
 194:Core/Src/main.c **** }
 195:Core/Src/main.c **** 
 196:Core/Src/main.c **** /**
 197:Core/Src/main.c ****   * @brief System Clock Configuration
 198:Core/Src/main.c ****   * @retval None
 199:Core/Src/main.c ****   */
 200:Core/Src/main.c **** void SystemClock_Config(void)
 201:Core/Src/main.c **** {
 202:Core/Src/main.c ****   RCC_OscInitTypeDef RCC_OscInitStruct = {0};
ARM GAS  /tmp/ccgit7Ho.s 			page 5


 203:Core/Src/main.c ****   RCC_ClkInitTypeDef RCC_ClkInitStruct = {0};
 204:Core/Src/main.c **** 
 205:Core/Src/main.c ****   /** Configure the main internal regulator output voltage
 206:Core/Src/main.c ****   */
 207:Core/Src/main.c ****   __HAL_RCC_PWR_CLK_ENABLE();
 208:Core/Src/main.c ****   __HAL_PWR_VOLTAGESCALING_CONFIG(PWR_REGULATOR_VOLTAGE_SCALE1);
 209:Core/Src/main.c **** 
 210:Core/Src/main.c ****   /** Initializes the RCC Oscillators according to the specified parameters
 211:Core/Src/main.c ****   * in the RCC_OscInitTypeDef structure.
 212:Core/Src/main.c ****   */
 213:Core/Src/main.c ****   RCC_OscInitStruct.OscillatorType = RCC_OSCILLATORTYPE_HSE;
 214:Core/Src/main.c ****   RCC_OscInitStruct.HSEState = RCC_HSE_ON;
 215:Core/Src/main.c ****   RCC_OscInitStruct.PLL.PLLState = RCC_PLL_ON;
 216:Core/Src/main.c ****   RCC_OscInitStruct.PLL.PLLSource = RCC_PLLSOURCE_HSE;
 217:Core/Src/main.c ****   RCC_OscInitStruct.PLL.PLLM = 10;
 218:Core/Src/main.c ****   RCC_OscInitStruct.PLL.PLLN = 168;
 219:Core/Src/main.c ****   RCC_OscInitStruct.PLL.PLLP = RCC_PLLP_DIV2;
 220:Core/Src/main.c ****   RCC_OscInitStruct.PLL.PLLQ = 4;
 221:Core/Src/main.c ****   if (HAL_RCC_OscConfig(&RCC_OscInitStruct) != HAL_OK)
 222:Core/Src/main.c ****   {
 223:Core/Src/main.c ****     Error_Handler();
 224:Core/Src/main.c ****   }
 225:Core/Src/main.c **** 
 226:Core/Src/main.c ****   /** Initializes the CPU, AHB and APB buses clocks
 227:Core/Src/main.c ****   */
 228:Core/Src/main.c ****   RCC_ClkInitStruct.ClockType = RCC_CLOCKTYPE_HCLK|RCC_CLOCKTYPE_SYSCLK
 229:Core/Src/main.c ****                               |RCC_CLOCKTYPE_PCLK1|RCC_CLOCKTYPE_PCLK2;
 230:Core/Src/main.c ****   RCC_ClkInitStruct.SYSCLKSource = RCC_SYSCLKSOURCE_PLLCLK;
 231:Core/Src/main.c ****   RCC_ClkInitStruct.AHBCLKDivider = RCC_SYSCLK_DIV1;
 232:Core/Src/main.c ****   RCC_ClkInitStruct.APB1CLKDivider = RCC_HCLK_DIV4;
 233:Core/Src/main.c ****   RCC_ClkInitStruct.APB2CLKDivider = RCC_HCLK_DIV2;
 234:Core/Src/main.c **** 
 235:Core/Src/main.c ****   if (HAL_RCC_ClockConfig(&RCC_ClkInitStruct, FLASH_LATENCY_5) != HAL_OK)
 236:Core/Src/main.c ****   {
 237:Core/Src/main.c ****     Error_Handler();
 238:Core/Src/main.c ****   }
 239:Core/Src/main.c **** }
 240:Core/Src/main.c **** 
 241:Core/Src/main.c **** 
 242:Core/Src/main.c **** /**
 243:Core/Src/main.c ****   * @brief GPIO Initialization Function
 244:Core/Src/main.c ****   * @param None
 245:Core/Src/main.c ****   * @retval None
 246:Core/Src/main.c ****   */
 247:Core/Src/main.c **** static void MX_GPIO_Init(void)
 248:Core/Src/main.c **** {
  28              		.loc 1 248 1 view -0
  29              		.cfi_startproc
  30              		@ args = 0, pretend = 0, frame = 16
  31              		@ frame_needed = 0, uses_anonymous_args = 0
  32              		@ link register save eliminated.
  33 0000 84B0     		sub	sp, sp, #16
  34              	.LCFI0:
  35              		.cfi_def_cfa_offset 16
 249:Core/Src/main.c ****   /* USER CODE BEGIN MX_GPIO_Init_1 */
 250:Core/Src/main.c **** 
 251:Core/Src/main.c ****   /* USER CODE END MX_GPIO_Init_1 */
ARM GAS  /tmp/ccgit7Ho.s 			page 6


 252:Core/Src/main.c **** 
 253:Core/Src/main.c ****   /* GPIO Ports Clock Enable */
 254:Core/Src/main.c ****   __HAL_RCC_GPIOH_CLK_ENABLE();
  36              		.loc 1 254 3 view .LVU1
  37              	.LBB4:
  38              		.loc 1 254 3 view .LVU2
  39 0002 0022     		movs	r2, #0
  40 0004 0192     		str	r2, [sp, #4]
  41              		.loc 1 254 3 view .LVU3
  42 0006 104B     		ldr	r3, .L3
  43 0008 196B     		ldr	r1, [r3, #48]
  44 000a 41F08001 		orr	r1, r1, #128
  45 000e 1963     		str	r1, [r3, #48]
  46              		.loc 1 254 3 view .LVU4
  47 0010 196B     		ldr	r1, [r3, #48]
  48 0012 01F08001 		and	r1, r1, #128
  49 0016 0191     		str	r1, [sp, #4]
  50              		.loc 1 254 3 view .LVU5
  51 0018 0199     		ldr	r1, [sp, #4]
  52              	.LBE4:
  53              		.loc 1 254 3 view .LVU6
 255:Core/Src/main.c ****   __HAL_RCC_GPIOB_CLK_ENABLE();
  54              		.loc 1 255 3 view .LVU7
  55              	.LBB5:
  56              		.loc 1 255 3 view .LVU8
  57 001a 0292     		str	r2, [sp, #8]
  58              		.loc 1 255 3 view .LVU9
  59 001c 196B     		ldr	r1, [r3, #48]
  60 001e 41F00201 		orr	r1, r1, #2
  61 0022 1963     		str	r1, [r3, #48]
  62              		.loc 1 255 3 view .LVU10
  63 0024 196B     		ldr	r1, [r3, #48]
  64 0026 01F00201 		and	r1, r1, #2
  65 002a 0291     		str	r1, [sp, #8]
  66              		.loc 1 255 3 view .LVU11
  67 002c 0299     		ldr	r1, [sp, #8]
  68              	.LBE5:
  69              		.loc 1 255 3 view .LVU12
 256:Core/Src/main.c ****   __HAL_RCC_GPIOA_CLK_ENABLE();
  70              		.loc 1 256 3 view .LVU13
  71              	.LBB6:
  72              		.loc 1 256 3 view .LVU14
  73 002e 0392     		str	r2, [sp, #12]
  74              		.loc 1 256 3 view .LVU15
  75 0030 1A6B     		ldr	r2, [r3, #48]
  76 0032 42F00102 		orr	r2, r2, #1
  77 0036 1A63     		str	r2, [r3, #48]
  78              		.loc 1 256 3 view .LVU16
  79 0038 1B6B     		ldr	r3, [r3, #48]
  80 003a 03F00103 		and	r3, r3, #1
  81 003e 0393     		str	r3, [sp, #12]
  82              		.loc 1 256 3 view .LVU17
  83 0040 039B     		ldr	r3, [sp, #12]
  84              	.LBE6:
  85              		.loc 1 256 3 view .LVU18
 257:Core/Src/main.c **** 
 258:Core/Src/main.c ****   /* USER CODE BEGIN MX_GPIO_Init_2 */
ARM GAS  /tmp/ccgit7Ho.s 			page 7


 259:Core/Src/main.c **** 
 260:Core/Src/main.c ****   /* USER CODE END MX_GPIO_Init_2 */
 261:Core/Src/main.c **** }
  86              		.loc 1 261 1 is_stmt 0 view .LVU19
  87 0042 04B0     		add	sp, sp, #16
  88              	.LCFI1:
  89              		.cfi_def_cfa_offset 0
  90              		@ sp needed
  91 0044 7047     		bx	lr
  92              	.L4:
  93 0046 00BF     		.align	2
  94              	.L3:
  95 0048 00380240 		.word	1073887232
  96              		.cfi_endproc
  97              	.LFE140:
  99              		.section	.text.Task1,"ax",%progbits
 100              		.align	1
 101              		.global	Task1
 102              		.syntax unified
 103              		.thumb
 104              		.thumb_func
 105              		.fpu fpv4-sp-d16
 107              	Task1:
 108              	.LVL0:
 109              	.LFB142:
 262:Core/Src/main.c **** 
 263:Core/Src/main.c **** /* USER CODE BEGIN 4 */
 264:Core/Src/main.c **** void HAL_CAN_RxFifo0MsgPendingCallback(CAN_HandleTypeDef *hcan)
 265:Core/Src/main.c **** {
 266:Core/Src/main.c ****   if (hcan->Instance == CAN2)
 267:Core/Src/main.c ****   {
 268:Core/Src/main.c ****     while (HAL_CAN_GetRxFifoFillLevel(hcan, CAN_RX_FIFO0) > 0) 
 269:Core/Src/main.c ****     {
 270:Core/Src/main.c ****       if (HAL_CAN_GetRxMessage(hcan, CAN_RX_FIFO0, &can_rx.rx_header, can_rx.data) == HAL_OK) 
 271:Core/Src/main.c ****       {
 272:Core/Src/main.c ****         switch (can_rx.rx_header.StdId){
 273:Core/Src/main.c ****           case 0x02:
 274:Core/Src/main.c ****             Master_Unpack_State_2(&can_rx, &motorID_1.state);
 275:Core/Src/main.c ****             break;
 276:Core/Src/main.c ****           
 277:Core/Src/main.c ****           case 0x03:
 278:Core/Src/main.c ****             Master_Unpack_State_2(&can_rx, &motorID_2.state);
 279:Core/Src/main.c ****             break;
 280:Core/Src/main.c ****             
 281:Core/Src/main.c ****           case 0x04:
 282:Core/Src/main.c ****             Master_Unpack_State_2(&can_rx, &motorID_3.state);
 283:Core/Src/main.c ****             break;
 284:Core/Src/main.c **** 
 285:Core/Src/main.c ****           case 0x05:
 286:Core/Src/main.c ****             Master_Unpack_State_2(&can_rx, &motorID_4.state);
 287:Core/Src/main.c ****             break;
 288:Core/Src/main.c ****           case 0x06:
 289:Core/Src/main.c ****             Master_Unpack_State_2(&can_rx, &motorID_5.state);
 290:Core/Src/main.c ****             break;
 291:Core/Src/main.c ****           
 292:Core/Src/main.c ****           default:
 293:Core/Src/main.c ****             break;
ARM GAS  /tmp/ccgit7Ho.s 			page 8


 294:Core/Src/main.c ****         }
 295:Core/Src/main.c ****       }
 296:Core/Src/main.c ****     }
 297:Core/Src/main.c ****     
 298:Core/Src/main.c ****   }
 299:Core/Src/main.c **** }
 300:Core/Src/main.c **** 
 301:Core/Src/main.c **** void Task1(void *argument)
 302:Core/Src/main.c **** {
 110              		.loc 1 302 1 is_stmt 1 view -0
 111              		.cfi_startproc
 112              		@ Volatile: function does not return.
 113              		@ args = 0, pretend = 0, frame = 0
 114              		@ frame_needed = 0, uses_anonymous_args = 0
 115              		.loc 1 302 1 is_stmt 0 view .LVU21
 116 0000 08B5     		push	{r3, lr}
 117              	.LCFI2:
 118              		.cfi_def_cfa_offset 8
 119              		.cfi_offset 3, -8
 120              		.cfi_offset 14, -4
 303:Core/Src/main.c ****   /* USER CODE BEGIN 5 */
 304:Core/Src/main.c ****   uint32_t TxMailbox;
 121              		.loc 1 304 3 is_stmt 1 view .LVU22
 305:Core/Src/main.c ****   osDelay(1000);
 122              		.loc 1 305 3 view .LVU23
 123 0002 4FF47A70 		mov	r0, #1000
 124              	.LVL1:
 125              		.loc 1 305 3 is_stmt 0 view .LVU24
 126 0006 FFF7FEFF 		bl	osDelay
 127              	.LVL2:
 128              	.L6:
 306:Core/Src/main.c **** 
 307:Core/Src/main.c ****   /* Infinite loop */
 308:Core/Src/main.c ****   for(;;)
 129              		.loc 1 308 3 is_stmt 1 discriminator 1 view .LVU25
 309:Core/Src/main.c ****   {
 310:Core/Src/main.c **** 
 311:Core/Src/main.c ****     DataCmdJoint(&motorID_1.cmd, DEG_TO_RAD(-45),RPM_TO_RADS(10),0);
 130              		.loc 1 311 5 discriminator 1 view .LVU26
 131 000a 9FED718A 		vldr.32	s16, .L8
 132 000e 714C     		ldr	r4, .L8+4
 133 0010 B0EE481A 		vmov.f32	s2, s16
 134 0014 DFED700A 		vldr.32	s1, .L8+8
 135 0018 9FED700A 		vldr.32	s0, .L8+12
 136 001c 2046     		mov	r0, r4
 137 001e FFF7FEFF 		bl	DataCmdJoint
 138              	.LVL3:
 312:Core/Src/main.c ****     MasterSendData_2(&hcan2, &can_tx, &motorID_1.cmd);
 139              		.loc 1 312 5 discriminator 1 view .LVU27
 140 0022 6F4E     		ldr	r6, .L8+16
 141 0024 6F4D     		ldr	r5, .L8+20
 142 0026 2246     		mov	r2, r4
 143 0028 3146     		mov	r1, r6
 144 002a 2846     		mov	r0, r5
 145 002c FFF7FEFF 		bl	MasterSendData_2
 146              	.LVL4:
 313:Core/Src/main.c ****     osDelay(1000); 
ARM GAS  /tmp/ccgit7Ho.s 			page 9


 147              		.loc 1 313 5 discriminator 1 view .LVU28
 148 0030 4FF47A70 		mov	r0, #1000
 149 0034 FFF7FEFF 		bl	osDelay
 150              	.LVL5:
 314:Core/Src/main.c ****     DataCmdJoint(&motorID_1.cmd, DEG_TO_RAD(45),RPM_TO_RADS(-10),0);
 151              		.loc 1 314 5 discriminator 1 view .LVU29
 152 0038 B0EE481A 		vmov.f32	s2, s16
 153 003c DFED6A0A 		vldr.32	s1, .L8+24
 154 0040 9FED6A0A 		vldr.32	s0, .L8+28
 155 0044 2046     		mov	r0, r4
 156 0046 FFF7FEFF 		bl	DataCmdJoint
 157              	.LVL6:
 315:Core/Src/main.c ****     MasterSendData_2(&hcan2, &can_tx, &motorID_1.cmd);
 158              		.loc 1 315 5 discriminator 1 view .LVU30
 159 004a 2246     		mov	r2, r4
 160 004c 3146     		mov	r1, r6
 161 004e 2846     		mov	r0, r5
 162 0050 FFF7FEFF 		bl	MasterSendData_2
 163              	.LVL7:
 316:Core/Src/main.c ****     osDelay(1000);    
 164              		.loc 1 316 5 discriminator 1 view .LVU31
 165 0054 4FF47A70 		mov	r0, #1000
 166 0058 FFF7FEFF 		bl	osDelay
 167              	.LVL8:
 317:Core/Src/main.c ****     DataCmdJoint(&motorID_1.cmd, DEG_TO_RAD(-90),RPM_TO_RADS(50),0);
 168              		.loc 1 317 5 discriminator 1 view .LVU32
 169 005c B0EE481A 		vmov.f32	s2, s16
 170 0060 DFED630A 		vldr.32	s1, .L8+32
 171 0064 9FED630A 		vldr.32	s0, .L8+36
 172 0068 2046     		mov	r0, r4
 173 006a FFF7FEFF 		bl	DataCmdJoint
 174              	.LVL9:
 318:Core/Src/main.c ****     MasterSendData_2(&hcan2, &can_tx, &motorID_1.cmd);
 175              		.loc 1 318 5 discriminator 1 view .LVU33
 176 006e 2246     		mov	r2, r4
 177 0070 3146     		mov	r1, r6
 178 0072 2846     		mov	r0, r5
 179 0074 FFF7FEFF 		bl	MasterSendData_2
 180              	.LVL10:
 319:Core/Src/main.c ****     osDelay(1000);
 181              		.loc 1 319 5 discriminator 1 view .LVU34
 182 0078 4FF47A70 		mov	r0, #1000
 183 007c FFF7FEFF 		bl	osDelay
 184              	.LVL11:
 320:Core/Src/main.c ****     DataCmdJoint(&motorID_1.cmd, DEG_TO_RAD(90),RPM_TO_RADS(-50),0);
 185              		.loc 1 320 5 discriminator 1 view .LVU35
 186 0080 B0EE481A 		vmov.f32	s2, s16
 187 0084 DFED5C0A 		vldr.32	s1, .L8+40
 188 0088 9FED5C0A 		vldr.32	s0, .L8+44
 189 008c 2046     		mov	r0, r4
 190 008e FFF7FEFF 		bl	DataCmdJoint
 191              	.LVL12:
 321:Core/Src/main.c ****     MasterSendData_2(&hcan2, &can_tx, &motorID_1.cmd);
 192              		.loc 1 321 5 discriminator 1 view .LVU36
 193 0092 2246     		mov	r2, r4
 194 0094 3146     		mov	r1, r6
 195 0096 2846     		mov	r0, r5
ARM GAS  /tmp/ccgit7Ho.s 			page 10


 196 0098 FFF7FEFF 		bl	MasterSendData_2
 197              	.LVL13:
 322:Core/Src/main.c ****     osDelay(1000);
 198              		.loc 1 322 5 discriminator 1 view .LVU37
 199 009c 4FF47A70 		mov	r0, #1000
 200 00a0 FFF7FEFF 		bl	osDelay
 201              	.LVL14:
 323:Core/Src/main.c **** 
 324:Core/Src/main.c ****     DataCmdJoint(&motorID_1.cmd, DEG_TO_RAD(-270),RPM_TO_RADS(300),0);
 202              		.loc 1 324 5 discriminator 1 view .LVU38
 203 00a4 B0EE481A 		vmov.f32	s2, s16
 204 00a8 DFED550A 		vldr.32	s1, .L8+48
 205 00ac 9FED550A 		vldr.32	s0, .L8+52
 206 00b0 2046     		mov	r0, r4
 207 00b2 FFF7FEFF 		bl	DataCmdJoint
 208              	.LVL15:
 325:Core/Src/main.c ****     MasterSendData_2(&hcan2, &can_tx, &motorID_1.cmd);
 209              		.loc 1 325 5 discriminator 1 view .LVU39
 210 00b6 2246     		mov	r2, r4
 211 00b8 3146     		mov	r1, r6
 212 00ba 2846     		mov	r0, r5
 213 00bc FFF7FEFF 		bl	MasterSendData_2
 214              	.LVL16:
 326:Core/Src/main.c ****     osDelay(1000); 
 215              		.loc 1 326 5 discriminator 1 view .LVU40
 216 00c0 4FF47A70 		mov	r0, #1000
 217 00c4 FFF7FEFF 		bl	osDelay
 218              	.LVL17:
 327:Core/Src/main.c ****     DataCmdJoint(&motorID_1.cmd, DEG_TO_RAD(270),RPM_TO_RADS(-300),0);
 219              		.loc 1 327 5 discriminator 1 view .LVU41
 220 00c8 B0EE481A 		vmov.f32	s2, s16
 221 00cc DFED4E0A 		vldr.32	s1, .L8+56
 222 00d0 9FED4E0A 		vldr.32	s0, .L8+60
 223 00d4 2046     		mov	r0, r4
 224 00d6 FFF7FEFF 		bl	DataCmdJoint
 225              	.LVL18:
 328:Core/Src/main.c ****     MasterSendData_2(&hcan2, &can_tx, &motorID_1.cmd);
 226              		.loc 1 328 5 discriminator 1 view .LVU42
 227 00da 2246     		mov	r2, r4
 228 00dc 3146     		mov	r1, r6
 229 00de 2846     		mov	r0, r5
 230 00e0 FFF7FEFF 		bl	MasterSendData_2
 231              	.LVL19:
 329:Core/Src/main.c ****     osDelay(1000);    
 232              		.loc 1 329 5 discriminator 1 view .LVU43
 233 00e4 4FF47A70 		mov	r0, #1000
 234 00e8 FFF7FEFF 		bl	osDelay
 235              	.LVL20:
 330:Core/Src/main.c ****     DataCmdJoint(&motorID_1.cmd, DEG_TO_RAD(-360),RPM_TO_RADS(1000),0);
 236              		.loc 1 330 5 discriminator 1 view .LVU44
 237 00ec B0EE481A 		vmov.f32	s2, s16
 238 00f0 DFED470A 		vldr.32	s1, .L8+64
 239 00f4 9FED470A 		vldr.32	s0, .L8+68
 240 00f8 2046     		mov	r0, r4
 241 00fa FFF7FEFF 		bl	DataCmdJoint
 242              	.LVL21:
 331:Core/Src/main.c ****     MasterSendData_2(&hcan2, &can_tx, &motorID_1.cmd);
ARM GAS  /tmp/ccgit7Ho.s 			page 11


 243              		.loc 1 331 5 discriminator 1 view .LVU45
 244 00fe 2246     		mov	r2, r4
 245 0100 3146     		mov	r1, r6
 246 0102 2846     		mov	r0, r5
 247 0104 FFF7FEFF 		bl	MasterSendData_2
 248              	.LVL22:
 332:Core/Src/main.c ****     osDelay(1000);
 249              		.loc 1 332 5 discriminator 1 view .LVU46
 250 0108 4FF47A70 		mov	r0, #1000
 251 010c FFF7FEFF 		bl	osDelay
 252              	.LVL23:
 333:Core/Src/main.c ****     DataCmdJoint(&motorID_1.cmd, DEG_TO_RAD(360),RPM_TO_RADS(-1000),0);
 253              		.loc 1 333 5 discriminator 1 view .LVU47
 254 0110 DFED418A 		vldr.32	s17, .L8+72
 255 0114 B0EE481A 		vmov.f32	s2, s16
 256 0118 DFED400A 		vldr.32	s1, .L8+76
 257 011c B0EE680A 		vmov.f32	s0, s17
 258 0120 2046     		mov	r0, r4
 259 0122 FFF7FEFF 		bl	DataCmdJoint
 260              	.LVL24:
 334:Core/Src/main.c ****     MasterSendData_2(&hcan2, &can_tx, &motorID_1.cmd);
 261              		.loc 1 334 5 discriminator 1 view .LVU48
 262 0126 2246     		mov	r2, r4
 263 0128 3146     		mov	r1, r6
 264 012a 2846     		mov	r0, r5
 265 012c FFF7FEFF 		bl	MasterSendData_2
 266              	.LVL25:
 335:Core/Src/main.c ****     osDelay(1000);
 267              		.loc 1 335 5 discriminator 1 view .LVU49
 268 0130 4FF47A70 		mov	r0, #1000
 269 0134 FFF7FEFF 		bl	osDelay
 270              	.LVL26:
 336:Core/Src/main.c **** 
 337:Core/Src/main.c ****     DataCmdJoint(&motorID_1.cmd, DEG_TO_RAD(0),RPM_TO_RADS(1700),0);
 271              		.loc 1 337 5 discriminator 1 view .LVU50
 272 0138 B0EE481A 		vmov.f32	s2, s16
 273 013c DFED380A 		vldr.32	s1, .L8+80
 274 0140 B0EE480A 		vmov.f32	s0, s16
 275 0144 2046     		mov	r0, r4
 276 0146 FFF7FEFF 		bl	DataCmdJoint
 277              	.LVL27:
 338:Core/Src/main.c ****     MasterSendData_2(&hcan2, &can_tx, &motorID_1.cmd);
 278              		.loc 1 338 5 discriminator 1 view .LVU51
 279 014a 2246     		mov	r2, r4
 280 014c 3146     		mov	r1, r6
 281 014e 2846     		mov	r0, r5
 282 0150 FFF7FEFF 		bl	MasterSendData_2
 283              	.LVL28:
 339:Core/Src/main.c ****     osDelay(1000); 
 284              		.loc 1 339 5 discriminator 1 view .LVU52
 285 0154 4FF47A70 		mov	r0, #1000
 286 0158 FFF7FEFF 		bl	osDelay
 287              	.LVL29:
 340:Core/Src/main.c ****     DataCmdJoint(&motorID_1.cmd, DEG_TO_RAD(180),RPM_TO_RADS(-1700),0);
 288              		.loc 1 340 5 discriminator 1 view .LVU53
 289 015c B0EE481A 		vmov.f32	s2, s16
 290 0160 DFED300A 		vldr.32	s1, .L8+84
ARM GAS  /tmp/ccgit7Ho.s 			page 12


 291 0164 9FED300A 		vldr.32	s0, .L8+88
 292 0168 2046     		mov	r0, r4
 293 016a FFF7FEFF 		bl	DataCmdJoint
 294              	.LVL30:
 341:Core/Src/main.c ****     MasterSendData_2(&hcan2, &can_tx, &motorID_1.cmd);
 295              		.loc 1 341 5 discriminator 1 view .LVU54
 296 016e 2246     		mov	r2, r4
 297 0170 3146     		mov	r1, r6
 298 0172 2846     		mov	r0, r5
 299 0174 FFF7FEFF 		bl	MasterSendData_2
 300              	.LVL31:
 342:Core/Src/main.c ****     osDelay(1000);    
 301              		.loc 1 342 5 discriminator 1 view .LVU55
 302 0178 4FF47A70 		mov	r0, #1000
 303 017c FFF7FEFF 		bl	osDelay
 304              	.LVL32:
 343:Core/Src/main.c ****     DataCmdJoint(&motorID_1.cmd, DEG_TO_RAD(360),RPM_TO_RADS(2700),0);
 305              		.loc 1 343 5 discriminator 1 view .LVU56
 306 0180 9FED2A9A 		vldr.32	s18, .L8+92
 307 0184 B0EE481A 		vmov.f32	s2, s16
 308 0188 F0EE490A 		vmov.f32	s1, s18
 309 018c B0EE680A 		vmov.f32	s0, s17
 310 0190 2046     		mov	r0, r4
 311 0192 FFF7FEFF 		bl	DataCmdJoint
 312              	.LVL33:
 344:Core/Src/main.c ****     MasterSendData_2(&hcan2, &can_tx, &motorID_1.cmd);
 313              		.loc 1 344 5 discriminator 1 view .LVU57
 314 0196 2246     		mov	r2, r4
 315 0198 3146     		mov	r1, r6
 316 019a 2846     		mov	r0, r5
 317 019c FFF7FEFF 		bl	MasterSendData_2
 318              	.LVL34:
 345:Core/Src/main.c ****     osDelay(1000);
 319              		.loc 1 345 5 discriminator 1 view .LVU58
 320 01a0 4FF47A70 		mov	r0, #1000
 321 01a4 FFF7FEFF 		bl	osDelay
 322              	.LVL35:
 346:Core/Src/main.c ****     DataCmdJoint(&motorID_1.cmd, DEG_TO_RAD(360),RPM_TO_RADS(2700),0);
 323              		.loc 1 346 5 discriminator 1 view .LVU59
 324 01a8 B0EE481A 		vmov.f32	s2, s16
 325 01ac F0EE490A 		vmov.f32	s1, s18
 326 01b0 B0EE680A 		vmov.f32	s0, s17
 327 01b4 2046     		mov	r0, r4
 328 01b6 FFF7FEFF 		bl	DataCmdJoint
 329              	.LVL36:
 347:Core/Src/main.c ****     MasterSendData_2(&hcan2, &can_tx, &motorID_1.cmd);
 330              		.loc 1 347 5 discriminator 1 view .LVU60
 331 01ba 2246     		mov	r2, r4
 332 01bc 3146     		mov	r1, r6
 333 01be 2846     		mov	r0, r5
 334 01c0 FFF7FEFF 		bl	MasterSendData_2
 335              	.LVL37:
 348:Core/Src/main.c ****     osDelay(1000);
 336              		.loc 1 348 5 discriminator 1 view .LVU61
 337 01c4 4FF47A70 		mov	r0, #1000
 338 01c8 FFF7FEFF 		bl	osDelay
 339              	.LVL38:
ARM GAS  /tmp/ccgit7Ho.s 			page 13


 308:Core/Src/main.c ****   {
 340              		.loc 1 308 8 discriminator 1 view .LVU62
 341 01cc 1DE7     		b	.L6
 342              	.L9:
 343 01ce 00BF     		.align	2
 344              	.L8:
 345 01d0 00000000 		.word	0
 346 01d4 00000000 		.word	.LANCHOR0
 347 01d8 920A863F 		.word	1065749138
 348 01dc DB0F49BF 		.word	-1085730853
 349 01e0 00000000 		.word	.LANCHOR1
 350 01e4 00000000 		.word	.LANCHOR2
 351 01e8 920A86BF 		.word	-1081734510
 352 01ec DB0F493F 		.word	1061752795
 353 01f0 368DA740 		.word	1084722486
 354 01f4 DB0FC9BF 		.word	-1077342245
 355 01f8 368DA7C0 		.word	-1062761162
 356 01fc DB0FC93F 		.word	1070141403
 357 0200 D253FB41 		.word	1106990034
 358 0204 E4CB96C0 		.word	-1063859228
 359 0208 D253FBC1 		.word	-1040493614
 360 020c E4CB9640 		.word	1083624420
 361 0210 8470D142 		.word	1121022084
 362 0214 DB0FC9C0 		.word	-1060565029
 363 0218 DB0FC940 		.word	1086918619
 364 021c 8470D1C2 		.word	-1026461564
 365 0220 0A063243 		.word	1127351818
 366 0224 0A0632C3 		.word	-1020131830
 367 0228 DB0F4940 		.word	1078530011
 368 022c 265F8D43 		.word	1133338406
 369              		.cfi_endproc
 370              	.LFE142:
 372              		.global	__aeabi_f2d
 373              		.global	__aeabi_dmul
 374              		.global	__aeabi_d2f
 375              		.global	__aeabi_dcmpge
 376              		.global	__aeabi_dsub
 377              		.section	.text.StartDefaultTask,"ax",%progbits
 378              		.align	1
 379              		.global	StartDefaultTask
 380              		.syntax unified
 381              		.thumb
 382              		.thumb_func
 383              		.fpu fpv4-sp-d16
 385              	StartDefaultTask:
 386              	.LVL39:
 387              	.LFB144:
 349:Core/Src/main.c **** 
 350:Core/Src/main.c **** 
 351:Core/Src/main.c **** 
 352:Core/Src/main.c ****     
 353:Core/Src/main.c ****   }
 354:Core/Src/main.c ****   
 355:Core/Src/main.c **** 
 356:Core/Src/main.c ****   /* USER CODE END 5 */
 357:Core/Src/main.c **** }
 358:Core/Src/main.c **** 
ARM GAS  /tmp/ccgit7Ho.s 			page 14


 359:Core/Src/main.c **** void testCan(){
 360:Core/Src/main.c ****   // uint32_t TxMailbox;
 361:Core/Src/main.c **** 
 362:Core/Src/main.c ****   // DataCmdJoint(&motorID_1.cmd, DEG_TO_RAD(0),RPM_TO_RADS(10),0);
 363:Core/Src/main.c ****   // MasterSendData(&hcan2, &can_tx, &motorID_1.cmd);
 364:Core/Src/main.c ****   // osDelay(500); 
 365:Core/Src/main.c ****   // DataCmdJoint(&motorID_1.cmd, DEG_TO_RAD(180),RPM_TO_RADS(10),0);
 366:Core/Src/main.c ****   // MasterSendData(&hcan2, &can_tx, &motorID_1.cmd);
 367:Core/Src/main.c ****   // osDelay(500);    
 368:Core/Src/main.c ****   // DataCmdJoint(&motorID_1.cmd, DEG_TO_RAD(360),RPM_TO_RADS(10),0);
 369:Core/Src/main.c ****   // MasterSendData(&hcan2, &can_tx, &motorID_1.cmd);
 370:Core/Src/main.c **** }
 371:Core/Src/main.c **** /* USER CODE END 4 */
 372:Core/Src/main.c **** 
 373:Core/Src/main.c **** /* USER CODE BEGIN Header_StartDefaultTask */
 374:Core/Src/main.c **** /**
 375:Core/Src/main.c ****   * @brief  Function implementing the defaultTask thread.
 376:Core/Src/main.c ****   * @param  argument: Not used
 377:Core/Src/main.c ****   * @retval None
 378:Core/Src/main.c ****   */
 379:Core/Src/main.c **** /* USER CODE END Header_StartDefaultTask */
 380:Core/Src/main.c **** void StartDefaultTask(void *argument)
 381:Core/Src/main.c **** {
 388              		.loc 1 381 1 view -0
 389              		.cfi_startproc
 390              		@ args = 0, pretend = 0, frame = 0
 391              		@ frame_needed = 0, uses_anonymous_args = 0
 392              		.loc 1 381 1 is_stmt 0 view .LVU64
 393 0000 F8B5     		push	{r3, r4, r5, r6, r7, lr}
 394              	.LCFI3:
 395              		.cfi_def_cfa_offset 24
 396              		.cfi_offset 3, -24
 397              		.cfi_offset 4, -20
 398              		.cfi_offset 5, -16
 399              		.cfi_offset 6, -12
 400              		.cfi_offset 7, -8
 401              		.cfi_offset 14, -4
 402 0002 2DED028B 		vpush.64	{d8}
 403              	.LCFI4:
 404              		.cfi_def_cfa_offset 32
 405              		.cfi_offset 80, -32
 406              		.cfi_offset 81, -28
 382:Core/Src/main.c ****   /* USER CODE BEGIN 5 */
 383:Core/Src/main.c ****   uint32_t TxMailbox;
 407              		.loc 1 383 3 is_stmt 1 view .LVU65
 384:Core/Src/main.c **** 
 385:Core/Src/main.c **** 
 386:Core/Src/main.c ****   motorID_1.cmd.can_id = 0x02;
 408              		.loc 1 386 3 view .LVU66
 409              		.loc 1 386 24 is_stmt 0 view .LVU67
 410 0006 464B     		ldr	r3, .L17+8
 411 0008 0222     		movs	r2, #2
 412 000a 5A61     		str	r2, [r3, #20]
 387:Core/Src/main.c ****   motorID_2.cmd.can_id = 0x03;
 413              		.loc 1 387 3 is_stmt 1 view .LVU68
 414              		.loc 1 387 24 is_stmt 0 view .LVU69
 415 000c 454B     		ldr	r3, .L17+12
ARM GAS  /tmp/ccgit7Ho.s 			page 15


 416 000e 0322     		movs	r2, #3
 417 0010 5A61     		str	r2, [r3, #20]
 388:Core/Src/main.c ****   motorID_3.cmd.can_id = 0x04;
 418              		.loc 1 388 3 is_stmt 1 view .LVU70
 419              		.loc 1 388 24 is_stmt 0 view .LVU71
 420 0012 454B     		ldr	r3, .L17+16
 421 0014 0422     		movs	r2, #4
 422 0016 5A61     		str	r2, [r3, #20]
 389:Core/Src/main.c ****   motorID_4.cmd.can_id = 0x05;
 423              		.loc 1 389 3 is_stmt 1 view .LVU72
 424              		.loc 1 389 24 is_stmt 0 view .LVU73
 425 0018 444B     		ldr	r3, .L17+20
 426 001a 0522     		movs	r2, #5
 427 001c 5A61     		str	r2, [r3, #20]
 390:Core/Src/main.c ****   motorID_5.cmd.can_id = 0x06;
 428              		.loc 1 390 3 is_stmt 1 view .LVU74
 429              		.loc 1 390 24 is_stmt 0 view .LVU75
 430 001e 444B     		ldr	r3, .L17+24
 431 0020 0622     		movs	r2, #6
 432 0022 5A61     		str	r2, [r3, #20]
 391:Core/Src/main.c **** 
 392:Core/Src/main.c **** 
 393:Core/Src/main.c **** float delta = 2.0f * M_PI * f * dt; // Bước nhảy của góc sau mỗi 5ms
 433              		.loc 1 393 1 is_stmt 1 view .LVU76
 434              		.loc 1 393 27 is_stmt 0 view .LVU77
 435 0024 434B     		ldr	r3, .L17+28
 436 0026 1868     		ldr	r0, [r3]	@ float
 437              	.LVL40:
 438              		.loc 1 393 27 view .LVU78
 439 0028 FFF7FEFF 		bl	__aeabi_f2d
 440              	.LVL41:
 441 002c 3AA3     		adr	r3, .L17
 442 002e D3E90023 		ldrd	r2, [r3]
 443 0032 FFF7FEFF 		bl	__aeabi_dmul
 444              	.LVL42:
 445 0036 0446     		mov	r4, r0
 446 0038 0D46     		mov	r5, r1
 447              		.loc 1 393 31 view .LVU79
 448 003a 3F4B     		ldr	r3, .L17+32
 449 003c 1868     		ldr	r0, [r3]	@ float
 450 003e FFF7FEFF 		bl	__aeabi_f2d
 451              	.LVL43:
 452 0042 2246     		mov	r2, r4
 453 0044 2B46     		mov	r3, r5
 454 0046 FFF7FEFF 		bl	__aeabi_dmul
 455              	.LVL44:
 456              		.loc 1 393 7 view .LVU80
 457 004a FFF7FEFF 		bl	__aeabi_d2f
 458              	.LVL45:
 459 004e 08EE900A 		vmov	s17, r0
 460              	.LVL46:
 394:Core/Src/main.c **** 
 395:Core/Src/main.c **** float delta_pos = speed * dt; 
 461              		.loc 1 395 1 is_stmt 1 view .LVU81
 462              		.loc 1 395 1 is_stmt 0 view .LVU82
 463 0052 0DE0     		b	.L13
 464              	.LVL47:
ARM GAS  /tmp/ccgit7Ho.s 			page 16


 465              	.L16:
 396:Core/Src/main.c **** 
 397:Core/Src/main.c ****   /* Infinite loop */
 398:Core/Src/main.c ****   for(;;)
 399:Core/Src/main.c ****   {
 400:Core/Src/main.c ****     
 401:Core/Src/main.c ****     DataCmdJoint(&motorID_4.cmd, motorID_5.state.p_act, motorID_5.state.v_act, 0);
 402:Core/Src/main.c ****     MasterSendData_2(&hcan2, &can_tx, &motorID_4.cmd);
 403:Core/Src/main.c **** 
 404:Core/Src/main.c ****     DataCmdJoint(&motorID_5.cmd, motorID_4.state.p_act, motorID_4.state.v_act, 0);
 405:Core/Src/main.c ****     MasterSendData_2(&hcan2, &can_tx, &motorID_5.cmd);
 406:Core/Src/main.c **** 
 407:Core/Src/main.c ****     DataCmdJoint(&motorID_2.cmd, DEG_TO_RAD(360*sinf(anpha)), RPM_TO_RADS(360*sinf(anpha)), 0);
 408:Core/Src/main.c ****     MasterSendData_2(&hcan2, &can_tx, &motorID_2.cmd);
 409:Core/Src/main.c **** 
 410:Core/Src/main.c ****     anpha += delta;
 411:Core/Src/main.c **** 
 412:Core/Src/main.c ****     if(anpha >= (2.0f * M_PI)) 
 413:Core/Src/main.c ****     {
 414:Core/Src/main.c ****       anpha -= (2.0f * M_PI);
 466              		.loc 1 414 7 is_stmt 1 view .LVU83
 467              		.loc 1 414 13 is_stmt 0 view .LVU84
 468 0054 30A3     		adr	r3, .L17
 469 0056 D3E90023 		ldrd	r2, [r3]
 470 005a 2046     		mov	r0, r4
 471 005c 2946     		mov	r1, r5
 472 005e FFF7FEFF 		bl	__aeabi_dsub
 473              	.LVL48:
 474 0062 FFF7FEFF 		bl	__aeabi_d2f
 475              	.LVL49:
 476 0066 354B     		ldr	r3, .L17+36
 477 0068 1860     		str	r0, [r3]	@ float
 478              	.L11:
 415:Core/Src/main.c ****     }
 416:Core/Src/main.c **** // ==============================
 417:Core/Src/main.c ****     // 1. Tính toán vị trí mới
 418:Core/Src/main.c ****     // current_pos += direction * delta_pos;
 419:Core/Src/main.c **** 
 420:Core/Src/main.c ****     // // 2. Kiểm tra giới hạn để đảo chiều (Tạo quỹ đạo hình tam giác)
 421:Core/Src/main.c ****     // if (current_pos >= max_pos) 
 422:Core/Src/main.c ****     // {
 423:Core/Src/main.c ****     //   current_pos = max_pos;
 424:Core/Src/main.c ****     //   direction = -1; // Đảo chiều quay ngược lại
 425:Core/Src/main.c ****     // } 
 426:Core/Src/main.c ****     // else if (current_pos <= min_pos) 
 427:Core/Src/main.c ****     // {
 428:Core/Src/main.c ****     //   current_pos = min_pos;
 429:Core/Src/main.c ****     //   direction = 1;  // Đảo chiều quay tiến lên
 430:Core/Src/main.c ****     // }
 431:Core/Src/main.c ****     // DataCmdJoint(&motorID_3.cmd, DEG_TO_RAD(current_pos), RPM_TO_RADS(360*sinf(anpha)), 0);
 432:Core/Src/main.c ****     // MasterSendData_2(&hcan2, &can_tx, &motorID_3.cmd);
 433:Core/Src/main.c **** // ==============================
 434:Core/Src/main.c ****     
 435:Core/Src/main.c **** 
 436:Core/Src/main.c **** 
 437:Core/Src/main.c **** 
 438:Core/Src/main.c **** 
ARM GAS  /tmp/ccgit7Ho.s 			page 17


 439:Core/Src/main.c ****     osDelay(5);
 479              		.loc 1 439 5 is_stmt 1 view .LVU85
 480 006a 0520     		movs	r0, #5
 481 006c FFF7FEFF 		bl	osDelay
 482              	.LVL50:
 398:Core/Src/main.c ****   {
 483              		.loc 1 398 8 view .LVU86
 484              	.L13:
 398:Core/Src/main.c ****   {
 485              		.loc 1 398 3 view .LVU87
 401:Core/Src/main.c ****     MasterSendData_2(&hcan2, &can_tx, &motorID_4.cmd);
 486              		.loc 1 401 5 view .LVU88
 487 0070 9FED338A 		vldr.32	s16, .L17+40
 488 0074 2E4C     		ldr	r4, .L17+24
 489 0076 2D4D     		ldr	r5, .L17+20
 490 0078 B0EE481A 		vmov.f32	s2, s16
 491 007c D4ED080A 		vldr.32	s1, [r4, #32]
 492 0080 94ED070A 		vldr.32	s0, [r4, #28]
 493 0084 2846     		mov	r0, r5
 494 0086 FFF7FEFF 		bl	DataCmdJoint
 495              	.LVL51:
 402:Core/Src/main.c **** 
 496              		.loc 1 402 5 view .LVU89
 497 008a 2E4F     		ldr	r7, .L17+44
 498 008c 2E4E     		ldr	r6, .L17+48
 499 008e 2A46     		mov	r2, r5
 500 0090 3946     		mov	r1, r7
 501 0092 3046     		mov	r0, r6
 502 0094 FFF7FEFF 		bl	MasterSendData_2
 503              	.LVL52:
 404:Core/Src/main.c ****     MasterSendData_2(&hcan2, &can_tx, &motorID_5.cmd);
 504              		.loc 1 404 5 view .LVU90
 505 0098 B0EE481A 		vmov.f32	s2, s16
 506 009c D5ED080A 		vldr.32	s1, [r5, #32]
 507 00a0 95ED070A 		vldr.32	s0, [r5, #28]
 508 00a4 2046     		mov	r0, r4
 509 00a6 FFF7FEFF 		bl	DataCmdJoint
 510              	.LVL53:
 405:Core/Src/main.c **** 
 511              		.loc 1 405 5 view .LVU91
 512 00aa 2246     		mov	r2, r4
 513 00ac 3946     		mov	r1, r7
 514 00ae 3046     		mov	r0, r6
 515 00b0 FFF7FEFF 		bl	MasterSendData_2
 516              	.LVL54:
 407:Core/Src/main.c ****     MasterSendData_2(&hcan2, &can_tx, &motorID_2.cmd);
 517              		.loc 1 407 5 view .LVU92
 407:Core/Src/main.c ****     MasterSendData_2(&hcan2, &can_tx, &motorID_2.cmd);
 518              		.loc 1 407 34 is_stmt 0 view .LVU93
 519 00b4 214C     		ldr	r4, .L17+36
 520 00b6 94ED000A 		vldr.32	s0, [r4]
 521 00ba FFF7FEFF 		bl	sinf
 522              	.LVL55:
 523 00be DFED237A 		vldr.32	s15, .L17+52
 524 00c2 20EE270A 		vmul.f32	s0, s0, s15
 407:Core/Src/main.c ****     MasterSendData_2(&hcan2, &can_tx, &motorID_2.cmd);
 525              		.loc 1 407 5 view .LVU94
ARM GAS  /tmp/ccgit7Ho.s 			page 18


 526 00c6 174D     		ldr	r5, .L17+12
 527 00c8 B0EE481A 		vmov.f32	s2, s16
 528 00cc DFED200A 		vldr.32	s1, .L17+56
 529 00d0 60EE200A 		vmul.f32	s1, s0, s1
 530 00d4 DFED1F7A 		vldr.32	s15, .L17+60
 531 00d8 20EE270A 		vmul.f32	s0, s0, s15
 532 00dc 2846     		mov	r0, r5
 533 00de FFF7FEFF 		bl	DataCmdJoint
 534              	.LVL56:
 408:Core/Src/main.c **** 
 535              		.loc 1 408 5 is_stmt 1 view .LVU95
 536 00e2 2A46     		mov	r2, r5
 537 00e4 3946     		mov	r1, r7
 538 00e6 3046     		mov	r0, r6
 539 00e8 FFF7FEFF 		bl	MasterSendData_2
 540              	.LVL57:
 410:Core/Src/main.c **** 
 541              		.loc 1 410 5 view .LVU96
 410:Core/Src/main.c **** 
 542              		.loc 1 410 11 is_stmt 0 view .LVU97
 543 00ec D4ED007A 		vldr.32	s15, [r4]
 544 00f0 78EEA77A 		vadd.f32	s15, s17, s15
 545 00f4 C4ED007A 		vstr.32	s15, [r4]
 412:Core/Src/main.c ****     {
 546              		.loc 1 412 5 is_stmt 1 view .LVU98
 412:Core/Src/main.c ****     {
 547              		.loc 1 412 14 is_stmt 0 view .LVU99
 548 00f8 17EE900A 		vmov	r0, s15
 549 00fc FFF7FEFF 		bl	__aeabi_f2d
 550              	.LVL58:
 551 0100 0446     		mov	r4, r0
 552 0102 0D46     		mov	r5, r1
 412:Core/Src/main.c ****     {
 553              		.loc 1 412 7 view .LVU100
 554 0104 04A3     		adr	r3, .L17
 555 0106 D3E90023 		ldrd	r2, [r3]
 556 010a FFF7FEFF 		bl	__aeabi_dcmpge
 557              	.LVL59:
 558 010e 0028     		cmp	r0, #0
 559 0110 A0D1     		bne	.L16
 560 0112 AAE7     		b	.L11
 561              	.L18:
 562 0114 AFF30080 		.align	3
 563              	.L17:
 564 0118 182D4454 		.word	1413754136
 565 011c FB211940 		.word	1075388923
 566 0120 00000000 		.word	.LANCHOR0
 567 0124 00000000 		.word	.LANCHOR3
 568 0128 00000000 		.word	.LANCHOR4
 569 012c 00000000 		.word	.LANCHOR5
 570 0130 00000000 		.word	.LANCHOR6
 571 0134 00000000 		.word	.LANCHOR7
 572 0138 00000000 		.word	.LANCHOR8
 573 013c 00000000 		.word	.LANCHOR9
 574 0140 00000000 		.word	0
 575 0144 00000000 		.word	.LANCHOR1
 576 0148 00000000 		.word	.LANCHOR2
ARM GAS  /tmp/ccgit7Ho.s 			page 19


 577 014c 0000B443 		.word	1135869952
 578 0150 5077D63D 		.word	1037465424
 579 0154 35FA8E3C 		.word	1016003125
 580              		.cfi_endproc
 581              	.LFE144:
 583              		.section	.text.HAL_CAN_RxFifo0MsgPendingCallback,"ax",%progbits
 584              		.align	1
 585              		.global	HAL_CAN_RxFifo0MsgPendingCallback
 586              		.syntax unified
 587              		.thumb
 588              		.thumb_func
 589              		.fpu fpv4-sp-d16
 591              	HAL_CAN_RxFifo0MsgPendingCallback:
 592              	.LVL60:
 593              	.LFB141:
 265:Core/Src/main.c ****   if (hcan->Instance == CAN2)
 594              		.loc 1 265 1 is_stmt 1 view -0
 595              		.cfi_startproc
 596              		@ args = 0, pretend = 0, frame = 0
 597              		@ frame_needed = 0, uses_anonymous_args = 0
 266:Core/Src/main.c ****   {
 598              		.loc 1 266 3 view .LVU102
 266:Core/Src/main.c ****   {
 599              		.loc 1 266 11 is_stmt 0 view .LVU103
 600 0000 0268     		ldr	r2, [r0]
 266:Core/Src/main.c ****   {
 601              		.loc 1 266 6 view .LVU104
 602 0002 1C4B     		ldr	r3, .L36
 603 0004 9A42     		cmp	r2, r3
 604 0006 00D0     		beq	.L34
 605 0008 7047     		bx	lr
 606              	.L34:
 265:Core/Src/main.c ****   if (hcan->Instance == CAN2)
 607              		.loc 1 265 1 view .LVU105
 608 000a 10B5     		push	{r4, lr}
 609              	.LCFI5:
 610              		.cfi_def_cfa_offset 8
 611              		.cfi_offset 4, -8
 612              		.cfi_offset 14, -4
 613 000c 0446     		mov	r4, r0
 614              	.LVL61:
 615              	.L20:
 268:Core/Src/main.c ****     {
 616              		.loc 1 268 11 is_stmt 1 view .LVU106
 268:Core/Src/main.c ****     {
 617              		.loc 1 268 12 is_stmt 0 view .LVU107
 618 000e 0021     		movs	r1, #0
 619 0010 2046     		mov	r0, r4
 620 0012 FFF7FEFF 		bl	HAL_CAN_GetRxFifoFillLevel
 621              	.LVL62:
 268:Core/Src/main.c ****     {
 622              		.loc 1 268 11 view .LVU108
 623 0016 58B3     		cbz	r0, .L35
 270:Core/Src/main.c ****       {
 624              		.loc 1 270 7 is_stmt 1 view .LVU109
 270:Core/Src/main.c ****       {
 625              		.loc 1 270 11 is_stmt 0 view .LVU110
ARM GAS  /tmp/ccgit7Ho.s 			page 20


 626 0018 174B     		ldr	r3, .L36+4
 627 001a 03F10802 		add	r2, r3, #8
 628 001e 0021     		movs	r1, #0
 629 0020 2046     		mov	r0, r4
 630 0022 FFF7FEFF 		bl	HAL_CAN_GetRxMessage
 631              	.LVL63:
 270:Core/Src/main.c ****       {
 632              		.loc 1 270 10 view .LVU111
 633 0026 0028     		cmp	r0, #0
 634 0028 F1D1     		bne	.L20
 272:Core/Src/main.c ****           case 0x02:
 635              		.loc 1 272 9 is_stmt 1 view .LVU112
 272:Core/Src/main.c ****           case 0x02:
 636              		.loc 1 272 33 is_stmt 0 view .LVU113
 637 002a 134B     		ldr	r3, .L36+4
 638 002c 9B68     		ldr	r3, [r3, #8]
 272:Core/Src/main.c ****           case 0x02:
 639              		.loc 1 272 9 view .LVU114
 640 002e 023B     		subs	r3, r3, #2
 641 0030 042B     		cmp	r3, #4
 642 0032 ECD8     		bhi	.L20
 643 0034 DFE803F0 		tbb	[pc, r3]
 644              	.L24:
 645 0038 03       		.byte	(.L28-.L24)/2
 646 0039 08       		.byte	(.L27-.L24)/2
 647 003a 0D       		.byte	(.L26-.L24)/2
 648 003b 12       		.byte	(.L25-.L24)/2
 649 003c 17       		.byte	(.L23-.L24)/2
 650 003d 00       		.p2align 1
 651              	.L28:
 274:Core/Src/main.c ****             break;
 652              		.loc 1 274 13 is_stmt 1 view .LVU115
 653 003e 0F49     		ldr	r1, .L36+8
 654 0040 0D48     		ldr	r0, .L36+4
 655 0042 FFF7FEFF 		bl	Master_Unpack_State_2
 656              	.LVL64:
 275:Core/Src/main.c ****           
 657              		.loc 1 275 13 view .LVU116
 658 0046 E2E7     		b	.L20
 659              	.L27:
 278:Core/Src/main.c ****             break;
 660              		.loc 1 278 13 view .LVU117
 661 0048 0D49     		ldr	r1, .L36+12
 662 004a 0B48     		ldr	r0, .L36+4
 663 004c FFF7FEFF 		bl	Master_Unpack_State_2
 664              	.LVL65:
 279:Core/Src/main.c ****             
 665              		.loc 1 279 13 view .LVU118
 666 0050 DDE7     		b	.L20
 667              	.L26:
 282:Core/Src/main.c ****             break;
 668              		.loc 1 282 13 view .LVU119
 669 0052 0C49     		ldr	r1, .L36+16
 670 0054 0848     		ldr	r0, .L36+4
 671 0056 FFF7FEFF 		bl	Master_Unpack_State_2
 672              	.LVL66:
 283:Core/Src/main.c **** 
ARM GAS  /tmp/ccgit7Ho.s 			page 21


 673              		.loc 1 283 13 view .LVU120
 674 005a D8E7     		b	.L20
 675              	.L25:
 286:Core/Src/main.c ****             break;
 676              		.loc 1 286 13 view .LVU121
 677 005c 0A49     		ldr	r1, .L36+20
 678 005e 0648     		ldr	r0, .L36+4
 679 0060 FFF7FEFF 		bl	Master_Unpack_State_2
 680              	.LVL67:
 287:Core/Src/main.c ****           case 0x06:
 681              		.loc 1 287 13 view .LVU122
 682 0064 D3E7     		b	.L20
 683              	.L23:
 289:Core/Src/main.c ****             break;
 684              		.loc 1 289 13 view .LVU123
 685 0066 0949     		ldr	r1, .L36+24
 686 0068 0348     		ldr	r0, .L36+4
 687 006a FFF7FEFF 		bl	Master_Unpack_State_2
 688              	.LVL68:
 290:Core/Src/main.c ****           
 689              		.loc 1 290 13 view .LVU124
 690 006e CEE7     		b	.L20
 691              	.L35:
 299:Core/Src/main.c **** 
 692              		.loc 1 299 1 is_stmt 0 view .LVU125
 693 0070 10BD     		pop	{r4, pc}
 694              	.LVL69:
 695              	.L37:
 299:Core/Src/main.c **** 
 696              		.loc 1 299 1 view .LVU126
 697 0072 00BF     		.align	2
 698              	.L36:
 699 0074 00680040 		.word	1073768448
 700 0078 00000000 		.word	.LANCHOR10
 701 007c 18000000 		.word	.LANCHOR0+24
 702 0080 18000000 		.word	.LANCHOR3+24
 703 0084 18000000 		.word	.LANCHOR4+24
 704 0088 18000000 		.word	.LANCHOR5+24
 705 008c 18000000 		.word	.LANCHOR6+24
 706              		.cfi_endproc
 707              	.LFE141:
 709              		.section	.text.testCan,"ax",%progbits
 710              		.align	1
 711              		.global	testCan
 712              		.syntax unified
 713              		.thumb
 714              		.thumb_func
 715              		.fpu fpv4-sp-d16
 717              	testCan:
 718              	.LFB143:
 359:Core/Src/main.c ****   // uint32_t TxMailbox;
 719              		.loc 1 359 15 is_stmt 1 view -0
 720              		.cfi_startproc
 721              		@ args = 0, pretend = 0, frame = 0
 722              		@ frame_needed = 0, uses_anonymous_args = 0
 723              		@ link register save eliminated.
 370:Core/Src/main.c **** /* USER CODE END 4 */
ARM GAS  /tmp/ccgit7Ho.s 			page 22


 724              		.loc 1 370 1 view .LVU128
 725 0000 7047     		bx	lr
 726              		.cfi_endproc
 727              	.LFE143:
 729              		.section	.text.HAL_TIM_PeriodElapsedCallback,"ax",%progbits
 730              		.align	1
 731              		.global	HAL_TIM_PeriodElapsedCallback
 732              		.syntax unified
 733              		.thumb
 734              		.thumb_func
 735              		.fpu fpv4-sp-d16
 737              	HAL_TIM_PeriodElapsedCallback:
 738              	.LVL70:
 739              	.LFB145:
 440:Core/Src/main.c ****   }
 441:Core/Src/main.c ****   
 442:Core/Src/main.c **** 
 443:Core/Src/main.c ****   /* USER CODE END 5 */
 444:Core/Src/main.c **** }
 445:Core/Src/main.c **** 
 446:Core/Src/main.c **** /**
 447:Core/Src/main.c ****   * @brief  Period elapsed callback in non blocking mode
 448:Core/Src/main.c ****   * @note   This function is called  when TIM10 interrupt took place, inside
 449:Core/Src/main.c ****   * HAL_TIM_IRQHandler(). It makes a direct call to HAL_IncTick() to increment
 450:Core/Src/main.c ****   * a global variable "uwTick" used as application time base.
 451:Core/Src/main.c ****   * @param  htim : TIM handle
 452:Core/Src/main.c ****   * @retval None
 453:Core/Src/main.c ****   */
 454:Core/Src/main.c **** void HAL_TIM_PeriodElapsedCallback(TIM_HandleTypeDef *htim)
 455:Core/Src/main.c **** {
 740              		.loc 1 455 1 view -0
 741              		.cfi_startproc
 742              		@ args = 0, pretend = 0, frame = 0
 743              		@ frame_needed = 0, uses_anonymous_args = 0
 744              		.loc 1 455 1 is_stmt 0 view .LVU130
 745 0000 08B5     		push	{r3, lr}
 746              	.LCFI6:
 747              		.cfi_def_cfa_offset 8
 748              		.cfi_offset 3, -8
 749              		.cfi_offset 14, -4
 456:Core/Src/main.c ****   /* USER CODE BEGIN Callback 0 */
 457:Core/Src/main.c **** 
 458:Core/Src/main.c ****   /* USER CODE END Callback 0 */
 459:Core/Src/main.c ****   if (htim->Instance == TIM10)
 750              		.loc 1 459 3 is_stmt 1 view .LVU131
 751              		.loc 1 459 11 is_stmt 0 view .LVU132
 752 0002 0268     		ldr	r2, [r0]
 753              		.loc 1 459 6 view .LVU133
 754 0004 034B     		ldr	r3, .L43
 755 0006 9A42     		cmp	r2, r3
 756 0008 00D0     		beq	.L42
 757              	.LVL71:
 758              	.L39:
 460:Core/Src/main.c ****   {
 461:Core/Src/main.c ****     HAL_IncTick();
 462:Core/Src/main.c ****   }
 463:Core/Src/main.c ****   /* USER CODE BEGIN Callback 1 */
ARM GAS  /tmp/ccgit7Ho.s 			page 23


 464:Core/Src/main.c **** 
 465:Core/Src/main.c ****   /* USER CODE END Callback 1 */
 466:Core/Src/main.c **** }
 759              		.loc 1 466 1 view .LVU134
 760 000a 08BD     		pop	{r3, pc}
 761              	.LVL72:
 762              	.L42:
 461:Core/Src/main.c ****   }
 763              		.loc 1 461 5 is_stmt 1 view .LVU135
 764 000c FFF7FEFF 		bl	HAL_IncTick
 765              	.LVL73:
 766              		.loc 1 466 1 is_stmt 0 view .LVU136
 767 0010 FBE7     		b	.L39
 768              	.L44:
 769 0012 00BF     		.align	2
 770              	.L43:
 771 0014 00440140 		.word	1073824768
 772              		.cfi_endproc
 773              	.LFE145:
 775              		.section	.text.Error_Handler,"ax",%progbits
 776              		.align	1
 777              		.global	Error_Handler
 778              		.syntax unified
 779              		.thumb
 780              		.thumb_func
 781              		.fpu fpv4-sp-d16
 783              	Error_Handler:
 784              	.LFB146:
 467:Core/Src/main.c **** 
 468:Core/Src/main.c **** /**
 469:Core/Src/main.c ****   * @brief  This function is executed in case of error occurrence.
 470:Core/Src/main.c ****   * @retval None
 471:Core/Src/main.c ****   */
 472:Core/Src/main.c **** void Error_Handler(void)
 473:Core/Src/main.c **** {
 785              		.loc 1 473 1 is_stmt 1 view -0
 786              		.cfi_startproc
 787              		@ Volatile: function does not return.
 788              		@ args = 0, pretend = 0, frame = 0
 789              		@ frame_needed = 0, uses_anonymous_args = 0
 790              		@ link register save eliminated.
 474:Core/Src/main.c ****   /* USER CODE BEGIN Error_Handler_Debug */
 475:Core/Src/main.c ****   /* User can add his own implementation to report the HAL error return state */
 476:Core/Src/main.c ****   __disable_irq();
 791              		.loc 1 476 3 view .LVU138
 792              	.LBB7:
 793              	.LBI7:
 794              		.file 2 "Drivers/CMSIS/Include/cmsis_gcc.h"
   1:Drivers/CMSIS/Include/cmsis_gcc.h **** /**************************************************************************//**
   2:Drivers/CMSIS/Include/cmsis_gcc.h ****  * @file     cmsis_gcc.h
   3:Drivers/CMSIS/Include/cmsis_gcc.h ****  * @brief    CMSIS compiler GCC header file
   4:Drivers/CMSIS/Include/cmsis_gcc.h ****  * @version  V5.4.1
   5:Drivers/CMSIS/Include/cmsis_gcc.h ****  * @date     27. May 2021
   6:Drivers/CMSIS/Include/cmsis_gcc.h ****  ******************************************************************************/
   7:Drivers/CMSIS/Include/cmsis_gcc.h **** /*
   8:Drivers/CMSIS/Include/cmsis_gcc.h ****  * Copyright (c) 2009-2021 Arm Limited. All rights reserved.
   9:Drivers/CMSIS/Include/cmsis_gcc.h ****  *
ARM GAS  /tmp/ccgit7Ho.s 			page 24


  10:Drivers/CMSIS/Include/cmsis_gcc.h ****  * SPDX-License-Identifier: Apache-2.0
  11:Drivers/CMSIS/Include/cmsis_gcc.h ****  *
  12:Drivers/CMSIS/Include/cmsis_gcc.h ****  * Licensed under the Apache License, Version 2.0 (the License); you may
  13:Drivers/CMSIS/Include/cmsis_gcc.h ****  * not use this file except in compliance with the License.
  14:Drivers/CMSIS/Include/cmsis_gcc.h ****  * You may obtain a copy of the License at
  15:Drivers/CMSIS/Include/cmsis_gcc.h ****  *
  16:Drivers/CMSIS/Include/cmsis_gcc.h ****  * www.apache.org/licenses/LICENSE-2.0
  17:Drivers/CMSIS/Include/cmsis_gcc.h ****  *
  18:Drivers/CMSIS/Include/cmsis_gcc.h ****  * Unless required by applicable law or agreed to in writing, software
  19:Drivers/CMSIS/Include/cmsis_gcc.h ****  * distributed under the License is distributed on an AS IS BASIS, WITHOUT
  20:Drivers/CMSIS/Include/cmsis_gcc.h ****  * WARRANTIES OR CONDITIONS OF ANY KIND, either express or implied.
  21:Drivers/CMSIS/Include/cmsis_gcc.h ****  * See the License for the specific language governing permissions and
  22:Drivers/CMSIS/Include/cmsis_gcc.h ****  * limitations under the License.
  23:Drivers/CMSIS/Include/cmsis_gcc.h ****  */
  24:Drivers/CMSIS/Include/cmsis_gcc.h **** 
  25:Drivers/CMSIS/Include/cmsis_gcc.h **** #ifndef __CMSIS_GCC_H
  26:Drivers/CMSIS/Include/cmsis_gcc.h **** #define __CMSIS_GCC_H
  27:Drivers/CMSIS/Include/cmsis_gcc.h **** 
  28:Drivers/CMSIS/Include/cmsis_gcc.h **** /* ignore some GCC warnings */
  29:Drivers/CMSIS/Include/cmsis_gcc.h **** #pragma GCC diagnostic push
  30:Drivers/CMSIS/Include/cmsis_gcc.h **** #pragma GCC diagnostic ignored "-Wsign-conversion"
  31:Drivers/CMSIS/Include/cmsis_gcc.h **** #pragma GCC diagnostic ignored "-Wconversion"
  32:Drivers/CMSIS/Include/cmsis_gcc.h **** #pragma GCC diagnostic ignored "-Wunused-parameter"
  33:Drivers/CMSIS/Include/cmsis_gcc.h **** 
  34:Drivers/CMSIS/Include/cmsis_gcc.h **** /* Fallback for __has_builtin */
  35:Drivers/CMSIS/Include/cmsis_gcc.h **** #ifndef __has_builtin
  36:Drivers/CMSIS/Include/cmsis_gcc.h ****   #define __has_builtin(x) (0)
  37:Drivers/CMSIS/Include/cmsis_gcc.h **** #endif
  38:Drivers/CMSIS/Include/cmsis_gcc.h **** 
  39:Drivers/CMSIS/Include/cmsis_gcc.h **** /* CMSIS compiler specific defines */
  40:Drivers/CMSIS/Include/cmsis_gcc.h **** #ifndef   __ASM
  41:Drivers/CMSIS/Include/cmsis_gcc.h ****   #define __ASM                                  __asm
  42:Drivers/CMSIS/Include/cmsis_gcc.h **** #endif
  43:Drivers/CMSIS/Include/cmsis_gcc.h **** #ifndef   __INLINE
  44:Drivers/CMSIS/Include/cmsis_gcc.h ****   #define __INLINE                               inline
  45:Drivers/CMSIS/Include/cmsis_gcc.h **** #endif
  46:Drivers/CMSIS/Include/cmsis_gcc.h **** #ifndef   __STATIC_INLINE
  47:Drivers/CMSIS/Include/cmsis_gcc.h ****   #define __STATIC_INLINE                        static inline
  48:Drivers/CMSIS/Include/cmsis_gcc.h **** #endif
  49:Drivers/CMSIS/Include/cmsis_gcc.h **** #ifndef   __STATIC_FORCEINLINE
  50:Drivers/CMSIS/Include/cmsis_gcc.h ****   #define __STATIC_FORCEINLINE                   __attribute__((always_inline)) static inline
  51:Drivers/CMSIS/Include/cmsis_gcc.h **** #endif
  52:Drivers/CMSIS/Include/cmsis_gcc.h **** #ifndef   __NO_RETURN
  53:Drivers/CMSIS/Include/cmsis_gcc.h ****   #define __NO_RETURN                            __attribute__((__noreturn__))
  54:Drivers/CMSIS/Include/cmsis_gcc.h **** #endif
  55:Drivers/CMSIS/Include/cmsis_gcc.h **** #ifndef   __USED
  56:Drivers/CMSIS/Include/cmsis_gcc.h ****   #define __USED                                 __attribute__((used))
  57:Drivers/CMSIS/Include/cmsis_gcc.h **** #endif
  58:Drivers/CMSIS/Include/cmsis_gcc.h **** #ifndef   __WEAK
  59:Drivers/CMSIS/Include/cmsis_gcc.h ****   #define __WEAK                                 __attribute__((weak))
  60:Drivers/CMSIS/Include/cmsis_gcc.h **** #endif
  61:Drivers/CMSIS/Include/cmsis_gcc.h **** #ifndef   __PACKED
  62:Drivers/CMSIS/Include/cmsis_gcc.h ****   #define __PACKED                               __attribute__((packed, aligned(1)))
  63:Drivers/CMSIS/Include/cmsis_gcc.h **** #endif
  64:Drivers/CMSIS/Include/cmsis_gcc.h **** #ifndef   __PACKED_STRUCT
  65:Drivers/CMSIS/Include/cmsis_gcc.h ****   #define __PACKED_STRUCT                        struct __attribute__((packed, aligned(1)))
  66:Drivers/CMSIS/Include/cmsis_gcc.h **** #endif
ARM GAS  /tmp/ccgit7Ho.s 			page 25


  67:Drivers/CMSIS/Include/cmsis_gcc.h **** #ifndef   __PACKED_UNION
  68:Drivers/CMSIS/Include/cmsis_gcc.h ****   #define __PACKED_UNION                         union __attribute__((packed, aligned(1)))
  69:Drivers/CMSIS/Include/cmsis_gcc.h **** #endif
  70:Drivers/CMSIS/Include/cmsis_gcc.h **** #ifndef   __UNALIGNED_UINT32        /* deprecated */
  71:Drivers/CMSIS/Include/cmsis_gcc.h ****   #pragma GCC diagnostic push
  72:Drivers/CMSIS/Include/cmsis_gcc.h ****   #pragma GCC diagnostic ignored "-Wpacked"
  73:Drivers/CMSIS/Include/cmsis_gcc.h ****   #pragma GCC diagnostic ignored "-Wattributes"
  74:Drivers/CMSIS/Include/cmsis_gcc.h ****   struct __attribute__((packed)) T_UINT32 { uint32_t v; };
  75:Drivers/CMSIS/Include/cmsis_gcc.h ****   #pragma GCC diagnostic pop
  76:Drivers/CMSIS/Include/cmsis_gcc.h ****   #define __UNALIGNED_UINT32(x)                  (((struct T_UINT32 *)(x))->v)
  77:Drivers/CMSIS/Include/cmsis_gcc.h **** #endif
  78:Drivers/CMSIS/Include/cmsis_gcc.h **** #ifndef   __UNALIGNED_UINT16_WRITE
  79:Drivers/CMSIS/Include/cmsis_gcc.h ****   #pragma GCC diagnostic push
  80:Drivers/CMSIS/Include/cmsis_gcc.h ****   #pragma GCC diagnostic ignored "-Wpacked"
  81:Drivers/CMSIS/Include/cmsis_gcc.h ****   #pragma GCC diagnostic ignored "-Wattributes"
  82:Drivers/CMSIS/Include/cmsis_gcc.h ****   __PACKED_STRUCT T_UINT16_WRITE { uint16_t v; };
  83:Drivers/CMSIS/Include/cmsis_gcc.h ****   #pragma GCC diagnostic pop
  84:Drivers/CMSIS/Include/cmsis_gcc.h ****   #define __UNALIGNED_UINT16_WRITE(addr, val)    (void)((((struct T_UINT16_WRITE *)(void *)(addr))-
  85:Drivers/CMSIS/Include/cmsis_gcc.h **** #endif
  86:Drivers/CMSIS/Include/cmsis_gcc.h **** #ifndef   __UNALIGNED_UINT16_READ
  87:Drivers/CMSIS/Include/cmsis_gcc.h ****   #pragma GCC diagnostic push
  88:Drivers/CMSIS/Include/cmsis_gcc.h ****   #pragma GCC diagnostic ignored "-Wpacked"
  89:Drivers/CMSIS/Include/cmsis_gcc.h ****   #pragma GCC diagnostic ignored "-Wattributes"
  90:Drivers/CMSIS/Include/cmsis_gcc.h ****   __PACKED_STRUCT T_UINT16_READ { uint16_t v; };
  91:Drivers/CMSIS/Include/cmsis_gcc.h ****   #pragma GCC diagnostic pop
  92:Drivers/CMSIS/Include/cmsis_gcc.h ****   #define __UNALIGNED_UINT16_READ(addr)          (((const struct T_UINT16_READ *)(const void *)(add
  93:Drivers/CMSIS/Include/cmsis_gcc.h **** #endif
  94:Drivers/CMSIS/Include/cmsis_gcc.h **** #ifndef   __UNALIGNED_UINT32_WRITE
  95:Drivers/CMSIS/Include/cmsis_gcc.h ****   #pragma GCC diagnostic push
  96:Drivers/CMSIS/Include/cmsis_gcc.h ****   #pragma GCC diagnostic ignored "-Wpacked"
  97:Drivers/CMSIS/Include/cmsis_gcc.h ****   #pragma GCC diagnostic ignored "-Wattributes"
  98:Drivers/CMSIS/Include/cmsis_gcc.h ****   __PACKED_STRUCT T_UINT32_WRITE { uint32_t v; };
  99:Drivers/CMSIS/Include/cmsis_gcc.h ****   #pragma GCC diagnostic pop
 100:Drivers/CMSIS/Include/cmsis_gcc.h ****   #define __UNALIGNED_UINT32_WRITE(addr, val)    (void)((((struct T_UINT32_WRITE *)(void *)(addr))-
 101:Drivers/CMSIS/Include/cmsis_gcc.h **** #endif
 102:Drivers/CMSIS/Include/cmsis_gcc.h **** #ifndef   __UNALIGNED_UINT32_READ
 103:Drivers/CMSIS/Include/cmsis_gcc.h ****   #pragma GCC diagnostic push
 104:Drivers/CMSIS/Include/cmsis_gcc.h ****   #pragma GCC diagnostic ignored "-Wpacked"
 105:Drivers/CMSIS/Include/cmsis_gcc.h ****   #pragma GCC diagnostic ignored "-Wattributes"
 106:Drivers/CMSIS/Include/cmsis_gcc.h ****   __PACKED_STRUCT T_UINT32_READ { uint32_t v; };
 107:Drivers/CMSIS/Include/cmsis_gcc.h ****   #pragma GCC diagnostic pop
 108:Drivers/CMSIS/Include/cmsis_gcc.h ****   #define __UNALIGNED_UINT32_READ(addr)          (((const struct T_UINT32_READ *)(const void *)(add
 109:Drivers/CMSIS/Include/cmsis_gcc.h **** #endif
 110:Drivers/CMSIS/Include/cmsis_gcc.h **** #ifndef   __ALIGNED
 111:Drivers/CMSIS/Include/cmsis_gcc.h ****   #define __ALIGNED(x)                           __attribute__((aligned(x)))
 112:Drivers/CMSIS/Include/cmsis_gcc.h **** #endif
 113:Drivers/CMSIS/Include/cmsis_gcc.h **** #ifndef   __RESTRICT
 114:Drivers/CMSIS/Include/cmsis_gcc.h ****   #define __RESTRICT                             __restrict
 115:Drivers/CMSIS/Include/cmsis_gcc.h **** #endif
 116:Drivers/CMSIS/Include/cmsis_gcc.h **** #ifndef   __COMPILER_BARRIER
 117:Drivers/CMSIS/Include/cmsis_gcc.h ****   #define __COMPILER_BARRIER()                   __ASM volatile("":::"memory")
 118:Drivers/CMSIS/Include/cmsis_gcc.h **** #endif
 119:Drivers/CMSIS/Include/cmsis_gcc.h **** 
 120:Drivers/CMSIS/Include/cmsis_gcc.h **** /* #########################  Startup and Lowlevel Init  ######################## */
 121:Drivers/CMSIS/Include/cmsis_gcc.h **** 
 122:Drivers/CMSIS/Include/cmsis_gcc.h **** #ifndef __PROGRAM_START
 123:Drivers/CMSIS/Include/cmsis_gcc.h **** 
ARM GAS  /tmp/ccgit7Ho.s 			page 26


 124:Drivers/CMSIS/Include/cmsis_gcc.h **** /**
 125:Drivers/CMSIS/Include/cmsis_gcc.h ****   \brief   Initializes data and bss sections
 126:Drivers/CMSIS/Include/cmsis_gcc.h ****   \details This default implementations initialized all data and additional bss
 127:Drivers/CMSIS/Include/cmsis_gcc.h ****            sections relying on .copy.table and .zero.table specified properly
 128:Drivers/CMSIS/Include/cmsis_gcc.h ****            in the used linker script.
 129:Drivers/CMSIS/Include/cmsis_gcc.h **** 
 130:Drivers/CMSIS/Include/cmsis_gcc.h ****  */
 131:Drivers/CMSIS/Include/cmsis_gcc.h **** __STATIC_FORCEINLINE __NO_RETURN void __cmsis_start(void)
 132:Drivers/CMSIS/Include/cmsis_gcc.h **** {
 133:Drivers/CMSIS/Include/cmsis_gcc.h ****   extern void _start(void) __NO_RETURN;
 134:Drivers/CMSIS/Include/cmsis_gcc.h **** 
 135:Drivers/CMSIS/Include/cmsis_gcc.h ****   typedef struct {
 136:Drivers/CMSIS/Include/cmsis_gcc.h ****     uint32_t const* src;
 137:Drivers/CMSIS/Include/cmsis_gcc.h ****     uint32_t* dest;
 138:Drivers/CMSIS/Include/cmsis_gcc.h ****     uint32_t  wlen;
 139:Drivers/CMSIS/Include/cmsis_gcc.h ****   } __copy_table_t;
 140:Drivers/CMSIS/Include/cmsis_gcc.h **** 
 141:Drivers/CMSIS/Include/cmsis_gcc.h ****   typedef struct {
 142:Drivers/CMSIS/Include/cmsis_gcc.h ****     uint32_t* dest;
 143:Drivers/CMSIS/Include/cmsis_gcc.h ****     uint32_t  wlen;
 144:Drivers/CMSIS/Include/cmsis_gcc.h ****   } __zero_table_t;
 145:Drivers/CMSIS/Include/cmsis_gcc.h **** 
 146:Drivers/CMSIS/Include/cmsis_gcc.h ****   extern const __copy_table_t __copy_table_start__;
 147:Drivers/CMSIS/Include/cmsis_gcc.h ****   extern const __copy_table_t __copy_table_end__;
 148:Drivers/CMSIS/Include/cmsis_gcc.h ****   extern const __zero_table_t __zero_table_start__;
 149:Drivers/CMSIS/Include/cmsis_gcc.h ****   extern const __zero_table_t __zero_table_end__;
 150:Drivers/CMSIS/Include/cmsis_gcc.h **** 
 151:Drivers/CMSIS/Include/cmsis_gcc.h ****   for (__copy_table_t const* pTable = &__copy_table_start__; pTable < &__copy_table_end__; ++pTable
 152:Drivers/CMSIS/Include/cmsis_gcc.h ****     for(uint32_t i=0u; i<pTable->wlen; ++i) {
 153:Drivers/CMSIS/Include/cmsis_gcc.h ****       pTable->dest[i] = pTable->src[i];
 154:Drivers/CMSIS/Include/cmsis_gcc.h ****     }
 155:Drivers/CMSIS/Include/cmsis_gcc.h ****   }
 156:Drivers/CMSIS/Include/cmsis_gcc.h **** 
 157:Drivers/CMSIS/Include/cmsis_gcc.h ****   for (__zero_table_t const* pTable = &__zero_table_start__; pTable < &__zero_table_end__; ++pTable
 158:Drivers/CMSIS/Include/cmsis_gcc.h ****     for(uint32_t i=0u; i<pTable->wlen; ++i) {
 159:Drivers/CMSIS/Include/cmsis_gcc.h ****       pTable->dest[i] = 0u;
 160:Drivers/CMSIS/Include/cmsis_gcc.h ****     }
 161:Drivers/CMSIS/Include/cmsis_gcc.h ****   }
 162:Drivers/CMSIS/Include/cmsis_gcc.h **** 
 163:Drivers/CMSIS/Include/cmsis_gcc.h ****   _start();
 164:Drivers/CMSIS/Include/cmsis_gcc.h **** }
 165:Drivers/CMSIS/Include/cmsis_gcc.h **** 
 166:Drivers/CMSIS/Include/cmsis_gcc.h **** #define __PROGRAM_START           __cmsis_start
 167:Drivers/CMSIS/Include/cmsis_gcc.h **** #endif
 168:Drivers/CMSIS/Include/cmsis_gcc.h **** 
 169:Drivers/CMSIS/Include/cmsis_gcc.h **** #ifndef __INITIAL_SP
 170:Drivers/CMSIS/Include/cmsis_gcc.h **** #define __INITIAL_SP              __StackTop
 171:Drivers/CMSIS/Include/cmsis_gcc.h **** #endif
 172:Drivers/CMSIS/Include/cmsis_gcc.h **** 
 173:Drivers/CMSIS/Include/cmsis_gcc.h **** #ifndef __STACK_LIMIT
 174:Drivers/CMSIS/Include/cmsis_gcc.h **** #define __STACK_LIMIT             __StackLimit
 175:Drivers/CMSIS/Include/cmsis_gcc.h **** #endif
 176:Drivers/CMSIS/Include/cmsis_gcc.h **** 
 177:Drivers/CMSIS/Include/cmsis_gcc.h **** #ifndef __VECTOR_TABLE
 178:Drivers/CMSIS/Include/cmsis_gcc.h **** #define __VECTOR_TABLE            __Vectors
 179:Drivers/CMSIS/Include/cmsis_gcc.h **** #endif
 180:Drivers/CMSIS/Include/cmsis_gcc.h **** 
ARM GAS  /tmp/ccgit7Ho.s 			page 27


 181:Drivers/CMSIS/Include/cmsis_gcc.h **** #ifndef __VECTOR_TABLE_ATTRIBUTE
 182:Drivers/CMSIS/Include/cmsis_gcc.h **** #define __VECTOR_TABLE_ATTRIBUTE  __attribute__((used, section(".vectors")))
 183:Drivers/CMSIS/Include/cmsis_gcc.h **** #endif
 184:Drivers/CMSIS/Include/cmsis_gcc.h **** 
 185:Drivers/CMSIS/Include/cmsis_gcc.h **** #if defined (__ARM_FEATURE_CMSE) && (__ARM_FEATURE_CMSE == 3U)
 186:Drivers/CMSIS/Include/cmsis_gcc.h **** #ifndef __STACK_SEAL
 187:Drivers/CMSIS/Include/cmsis_gcc.h **** #define __STACK_SEAL              __StackSeal
 188:Drivers/CMSIS/Include/cmsis_gcc.h **** #endif
 189:Drivers/CMSIS/Include/cmsis_gcc.h **** 
 190:Drivers/CMSIS/Include/cmsis_gcc.h **** #ifndef __TZ_STACK_SEAL_SIZE
 191:Drivers/CMSIS/Include/cmsis_gcc.h **** #define __TZ_STACK_SEAL_SIZE      8U
 192:Drivers/CMSIS/Include/cmsis_gcc.h **** #endif
 193:Drivers/CMSIS/Include/cmsis_gcc.h **** 
 194:Drivers/CMSIS/Include/cmsis_gcc.h **** #ifndef __TZ_STACK_SEAL_VALUE
 195:Drivers/CMSIS/Include/cmsis_gcc.h **** #define __TZ_STACK_SEAL_VALUE     0xFEF5EDA5FEF5EDA5ULL
 196:Drivers/CMSIS/Include/cmsis_gcc.h **** #endif
 197:Drivers/CMSIS/Include/cmsis_gcc.h **** 
 198:Drivers/CMSIS/Include/cmsis_gcc.h **** 
 199:Drivers/CMSIS/Include/cmsis_gcc.h **** __STATIC_FORCEINLINE void __TZ_set_STACKSEAL_S (uint32_t* stackTop) {
 200:Drivers/CMSIS/Include/cmsis_gcc.h ****   *((uint64_t *)stackTop) = __TZ_STACK_SEAL_VALUE;
 201:Drivers/CMSIS/Include/cmsis_gcc.h **** }
 202:Drivers/CMSIS/Include/cmsis_gcc.h **** #endif
 203:Drivers/CMSIS/Include/cmsis_gcc.h **** 
 204:Drivers/CMSIS/Include/cmsis_gcc.h **** 
 205:Drivers/CMSIS/Include/cmsis_gcc.h **** /* ##########################  Core Instruction Access  ######################### */
 206:Drivers/CMSIS/Include/cmsis_gcc.h **** /** \defgroup CMSIS_Core_InstructionInterface CMSIS Core Instruction Interface
 207:Drivers/CMSIS/Include/cmsis_gcc.h ****   Access to dedicated instructions
 208:Drivers/CMSIS/Include/cmsis_gcc.h ****   @{
 209:Drivers/CMSIS/Include/cmsis_gcc.h **** */
 210:Drivers/CMSIS/Include/cmsis_gcc.h **** 
 211:Drivers/CMSIS/Include/cmsis_gcc.h **** /* Define macros for porting to both thumb1 and thumb2.
 212:Drivers/CMSIS/Include/cmsis_gcc.h ****  * For thumb1, use low register (r0-r7), specified by constraint "l"
 213:Drivers/CMSIS/Include/cmsis_gcc.h ****  * Otherwise, use general registers, specified by constraint "r" */
 214:Drivers/CMSIS/Include/cmsis_gcc.h **** #if defined (__thumb__) && !defined (__thumb2__)
 215:Drivers/CMSIS/Include/cmsis_gcc.h **** #define __CMSIS_GCC_OUT_REG(r) "=l" (r)
 216:Drivers/CMSIS/Include/cmsis_gcc.h **** #define __CMSIS_GCC_RW_REG(r) "+l" (r)
 217:Drivers/CMSIS/Include/cmsis_gcc.h **** #define __CMSIS_GCC_USE_REG(r) "l" (r)
 218:Drivers/CMSIS/Include/cmsis_gcc.h **** #else
 219:Drivers/CMSIS/Include/cmsis_gcc.h **** #define __CMSIS_GCC_OUT_REG(r) "=r" (r)
 220:Drivers/CMSIS/Include/cmsis_gcc.h **** #define __CMSIS_GCC_RW_REG(r) "+r" (r)
 221:Drivers/CMSIS/Include/cmsis_gcc.h **** #define __CMSIS_GCC_USE_REG(r) "r" (r)
 222:Drivers/CMSIS/Include/cmsis_gcc.h **** #endif
 223:Drivers/CMSIS/Include/cmsis_gcc.h **** 
 224:Drivers/CMSIS/Include/cmsis_gcc.h **** /**
 225:Drivers/CMSIS/Include/cmsis_gcc.h ****   \brief   No Operation
 226:Drivers/CMSIS/Include/cmsis_gcc.h ****   \details No Operation does nothing. This instruction can be used for code alignment purposes.
 227:Drivers/CMSIS/Include/cmsis_gcc.h ****  */
 228:Drivers/CMSIS/Include/cmsis_gcc.h **** #define __NOP()                             __ASM volatile ("nop")
 229:Drivers/CMSIS/Include/cmsis_gcc.h **** 
 230:Drivers/CMSIS/Include/cmsis_gcc.h **** /**
 231:Drivers/CMSIS/Include/cmsis_gcc.h ****   \brief   Wait For Interrupt
 232:Drivers/CMSIS/Include/cmsis_gcc.h ****   \details Wait For Interrupt is a hint instruction that suspends execution until one of a number o
 233:Drivers/CMSIS/Include/cmsis_gcc.h ****  */
 234:Drivers/CMSIS/Include/cmsis_gcc.h **** #define __WFI()                             __ASM volatile ("wfi":::"memory")
 235:Drivers/CMSIS/Include/cmsis_gcc.h **** 
 236:Drivers/CMSIS/Include/cmsis_gcc.h **** 
 237:Drivers/CMSIS/Include/cmsis_gcc.h **** /**
ARM GAS  /tmp/ccgit7Ho.s 			page 28


 238:Drivers/CMSIS/Include/cmsis_gcc.h ****   \brief   Wait For Event
 239:Drivers/CMSIS/Include/cmsis_gcc.h ****   \details Wait For Event is a hint instruction that permits the processor to enter
 240:Drivers/CMSIS/Include/cmsis_gcc.h ****            a low-power state until one of a number of events occurs.
 241:Drivers/CMSIS/Include/cmsis_gcc.h ****  */
 242:Drivers/CMSIS/Include/cmsis_gcc.h **** #define __WFE()                             __ASM volatile ("wfe":::"memory")
 243:Drivers/CMSIS/Include/cmsis_gcc.h **** 
 244:Drivers/CMSIS/Include/cmsis_gcc.h **** 
 245:Drivers/CMSIS/Include/cmsis_gcc.h **** /**
 246:Drivers/CMSIS/Include/cmsis_gcc.h ****   \brief   Send Event
 247:Drivers/CMSIS/Include/cmsis_gcc.h ****   \details Send Event is a hint instruction. It causes an event to be signaled to the CPU.
 248:Drivers/CMSIS/Include/cmsis_gcc.h ****  */
 249:Drivers/CMSIS/Include/cmsis_gcc.h **** #define __SEV()                             __ASM volatile ("sev")
 250:Drivers/CMSIS/Include/cmsis_gcc.h **** 
 251:Drivers/CMSIS/Include/cmsis_gcc.h **** 
 252:Drivers/CMSIS/Include/cmsis_gcc.h **** /**
 253:Drivers/CMSIS/Include/cmsis_gcc.h ****   \brief   Instruction Synchronization Barrier
 254:Drivers/CMSIS/Include/cmsis_gcc.h ****   \details Instruction Synchronization Barrier flushes the pipeline in the processor,
 255:Drivers/CMSIS/Include/cmsis_gcc.h ****            so that all instructions following the ISB are fetched from cache or memory,
 256:Drivers/CMSIS/Include/cmsis_gcc.h ****            after the instruction has been completed.
 257:Drivers/CMSIS/Include/cmsis_gcc.h ****  */
 258:Drivers/CMSIS/Include/cmsis_gcc.h **** __STATIC_FORCEINLINE void __ISB(void)
 259:Drivers/CMSIS/Include/cmsis_gcc.h **** {
 260:Drivers/CMSIS/Include/cmsis_gcc.h ****   __ASM volatile ("isb 0xF":::"memory");
 261:Drivers/CMSIS/Include/cmsis_gcc.h **** }
 262:Drivers/CMSIS/Include/cmsis_gcc.h **** 
 263:Drivers/CMSIS/Include/cmsis_gcc.h **** 
 264:Drivers/CMSIS/Include/cmsis_gcc.h **** /**
 265:Drivers/CMSIS/Include/cmsis_gcc.h ****   \brief   Data Synchronization Barrier
 266:Drivers/CMSIS/Include/cmsis_gcc.h ****   \details Acts as a special kind of Data Memory Barrier.
 267:Drivers/CMSIS/Include/cmsis_gcc.h ****            It completes when all explicit memory accesses before this instruction complete.
 268:Drivers/CMSIS/Include/cmsis_gcc.h ****  */
 269:Drivers/CMSIS/Include/cmsis_gcc.h **** __STATIC_FORCEINLINE void __DSB(void)
 270:Drivers/CMSIS/Include/cmsis_gcc.h **** {
 271:Drivers/CMSIS/Include/cmsis_gcc.h ****   __ASM volatile ("dsb 0xF":::"memory");
 272:Drivers/CMSIS/Include/cmsis_gcc.h **** }
 273:Drivers/CMSIS/Include/cmsis_gcc.h **** 
 274:Drivers/CMSIS/Include/cmsis_gcc.h **** 
 275:Drivers/CMSIS/Include/cmsis_gcc.h **** /**
 276:Drivers/CMSIS/Include/cmsis_gcc.h ****   \brief   Data Memory Barrier
 277:Drivers/CMSIS/Include/cmsis_gcc.h ****   \details Ensures the apparent order of the explicit memory operations before
 278:Drivers/CMSIS/Include/cmsis_gcc.h ****            and after the instruction, without ensuring their completion.
 279:Drivers/CMSIS/Include/cmsis_gcc.h ****  */
 280:Drivers/CMSIS/Include/cmsis_gcc.h **** __STATIC_FORCEINLINE void __DMB(void)
 281:Drivers/CMSIS/Include/cmsis_gcc.h **** {
 282:Drivers/CMSIS/Include/cmsis_gcc.h ****   __ASM volatile ("dmb 0xF":::"memory");
 283:Drivers/CMSIS/Include/cmsis_gcc.h **** }
 284:Drivers/CMSIS/Include/cmsis_gcc.h **** 
 285:Drivers/CMSIS/Include/cmsis_gcc.h **** 
 286:Drivers/CMSIS/Include/cmsis_gcc.h **** /**
 287:Drivers/CMSIS/Include/cmsis_gcc.h ****   \brief   Reverse byte order (32 bit)
 288:Drivers/CMSIS/Include/cmsis_gcc.h ****   \details Reverses the byte order in unsigned integer value. For example, 0x12345678 becomes 0x785
 289:Drivers/CMSIS/Include/cmsis_gcc.h ****   \param [in]    value  Value to reverse
 290:Drivers/CMSIS/Include/cmsis_gcc.h ****   \return               Reversed value
 291:Drivers/CMSIS/Include/cmsis_gcc.h ****  */
 292:Drivers/CMSIS/Include/cmsis_gcc.h **** __STATIC_FORCEINLINE uint32_t __REV(uint32_t value)
 293:Drivers/CMSIS/Include/cmsis_gcc.h **** {
 294:Drivers/CMSIS/Include/cmsis_gcc.h **** #if (__GNUC__ > 4) || (__GNUC__ == 4 && __GNUC_MINOR__ >= 5)
ARM GAS  /tmp/ccgit7Ho.s 			page 29


 295:Drivers/CMSIS/Include/cmsis_gcc.h ****   return __builtin_bswap32(value);
 296:Drivers/CMSIS/Include/cmsis_gcc.h **** #else
 297:Drivers/CMSIS/Include/cmsis_gcc.h ****   uint32_t result;
 298:Drivers/CMSIS/Include/cmsis_gcc.h **** 
 299:Drivers/CMSIS/Include/cmsis_gcc.h ****   __ASM ("rev %0, %1" : __CMSIS_GCC_OUT_REG (result) : __CMSIS_GCC_USE_REG (value) );
 300:Drivers/CMSIS/Include/cmsis_gcc.h ****   return result;
 301:Drivers/CMSIS/Include/cmsis_gcc.h **** #endif
 302:Drivers/CMSIS/Include/cmsis_gcc.h **** }
 303:Drivers/CMSIS/Include/cmsis_gcc.h **** 
 304:Drivers/CMSIS/Include/cmsis_gcc.h **** 
 305:Drivers/CMSIS/Include/cmsis_gcc.h **** /**
 306:Drivers/CMSIS/Include/cmsis_gcc.h ****   \brief   Reverse byte order (16 bit)
 307:Drivers/CMSIS/Include/cmsis_gcc.h ****   \details Reverses the byte order within each halfword of a word. For example, 0x12345678 becomes 
 308:Drivers/CMSIS/Include/cmsis_gcc.h ****   \param [in]    value  Value to reverse
 309:Drivers/CMSIS/Include/cmsis_gcc.h ****   \return               Reversed value
 310:Drivers/CMSIS/Include/cmsis_gcc.h ****  */
 311:Drivers/CMSIS/Include/cmsis_gcc.h **** __STATIC_FORCEINLINE uint32_t __REV16(uint32_t value)
 312:Drivers/CMSIS/Include/cmsis_gcc.h **** {
 313:Drivers/CMSIS/Include/cmsis_gcc.h ****   uint32_t result;
 314:Drivers/CMSIS/Include/cmsis_gcc.h **** 
 315:Drivers/CMSIS/Include/cmsis_gcc.h ****   __ASM ("rev16 %0, %1" : __CMSIS_GCC_OUT_REG (result) : __CMSIS_GCC_USE_REG (value) );
 316:Drivers/CMSIS/Include/cmsis_gcc.h ****   return result;
 317:Drivers/CMSIS/Include/cmsis_gcc.h **** }
 318:Drivers/CMSIS/Include/cmsis_gcc.h **** 
 319:Drivers/CMSIS/Include/cmsis_gcc.h **** 
 320:Drivers/CMSIS/Include/cmsis_gcc.h **** /**
 321:Drivers/CMSIS/Include/cmsis_gcc.h ****   \brief   Reverse byte order (16 bit)
 322:Drivers/CMSIS/Include/cmsis_gcc.h ****   \details Reverses the byte order in a 16-bit value and returns the signed 16-bit result. For exam
 323:Drivers/CMSIS/Include/cmsis_gcc.h ****   \param [in]    value  Value to reverse
 324:Drivers/CMSIS/Include/cmsis_gcc.h ****   \return               Reversed value
 325:Drivers/CMSIS/Include/cmsis_gcc.h ****  */
 326:Drivers/CMSIS/Include/cmsis_gcc.h **** __STATIC_FORCEINLINE int16_t __REVSH(int16_t value)
 327:Drivers/CMSIS/Include/cmsis_gcc.h **** {
 328:Drivers/CMSIS/Include/cmsis_gcc.h **** #if (__GNUC__ > 4) || (__GNUC__ == 4 && __GNUC_MINOR__ >= 8)
 329:Drivers/CMSIS/Include/cmsis_gcc.h ****   return (int16_t)__builtin_bswap16(value);
 330:Drivers/CMSIS/Include/cmsis_gcc.h **** #else
 331:Drivers/CMSIS/Include/cmsis_gcc.h ****   int16_t result;
 332:Drivers/CMSIS/Include/cmsis_gcc.h **** 
 333:Drivers/CMSIS/Include/cmsis_gcc.h ****   __ASM ("revsh %0, %1" : __CMSIS_GCC_OUT_REG (result) : __CMSIS_GCC_USE_REG (value) );
 334:Drivers/CMSIS/Include/cmsis_gcc.h ****   return result;
 335:Drivers/CMSIS/Include/cmsis_gcc.h **** #endif
 336:Drivers/CMSIS/Include/cmsis_gcc.h **** }
 337:Drivers/CMSIS/Include/cmsis_gcc.h **** 
 338:Drivers/CMSIS/Include/cmsis_gcc.h **** 
 339:Drivers/CMSIS/Include/cmsis_gcc.h **** /**
 340:Drivers/CMSIS/Include/cmsis_gcc.h ****   \brief   Rotate Right in unsigned value (32 bit)
 341:Drivers/CMSIS/Include/cmsis_gcc.h ****   \details Rotate Right (immediate) provides the value of the contents of a register rotated by a v
 342:Drivers/CMSIS/Include/cmsis_gcc.h ****   \param [in]    op1  Value to rotate
 343:Drivers/CMSIS/Include/cmsis_gcc.h ****   \param [in]    op2  Number of Bits to rotate
 344:Drivers/CMSIS/Include/cmsis_gcc.h ****   \return               Rotated value
 345:Drivers/CMSIS/Include/cmsis_gcc.h ****  */
 346:Drivers/CMSIS/Include/cmsis_gcc.h **** __STATIC_FORCEINLINE uint32_t __ROR(uint32_t op1, uint32_t op2)
 347:Drivers/CMSIS/Include/cmsis_gcc.h **** {
 348:Drivers/CMSIS/Include/cmsis_gcc.h ****   op2 %= 32U;
 349:Drivers/CMSIS/Include/cmsis_gcc.h ****   if (op2 == 0U)
 350:Drivers/CMSIS/Include/cmsis_gcc.h ****   {
 351:Drivers/CMSIS/Include/cmsis_gcc.h ****     return op1;
ARM GAS  /tmp/ccgit7Ho.s 			page 30


 352:Drivers/CMSIS/Include/cmsis_gcc.h ****   }
 353:Drivers/CMSIS/Include/cmsis_gcc.h ****   return (op1 >> op2) | (op1 << (32U - op2));
 354:Drivers/CMSIS/Include/cmsis_gcc.h **** }
 355:Drivers/CMSIS/Include/cmsis_gcc.h **** 
 356:Drivers/CMSIS/Include/cmsis_gcc.h **** 
 357:Drivers/CMSIS/Include/cmsis_gcc.h **** /**
 358:Drivers/CMSIS/Include/cmsis_gcc.h ****   \brief   Breakpoint
 359:Drivers/CMSIS/Include/cmsis_gcc.h ****   \details Causes the processor to enter Debug state.
 360:Drivers/CMSIS/Include/cmsis_gcc.h ****            Debug tools can use this to investigate system state when the instruction at a particula
 361:Drivers/CMSIS/Include/cmsis_gcc.h ****   \param [in]    value  is ignored by the processor.
 362:Drivers/CMSIS/Include/cmsis_gcc.h ****                  If required, a debugger can use it to store additional information about the break
 363:Drivers/CMSIS/Include/cmsis_gcc.h ****  */
 364:Drivers/CMSIS/Include/cmsis_gcc.h **** #define __BKPT(value)                       __ASM volatile ("bkpt "#value)
 365:Drivers/CMSIS/Include/cmsis_gcc.h **** 
 366:Drivers/CMSIS/Include/cmsis_gcc.h **** 
 367:Drivers/CMSIS/Include/cmsis_gcc.h **** /**
 368:Drivers/CMSIS/Include/cmsis_gcc.h ****   \brief   Reverse bit order of value
 369:Drivers/CMSIS/Include/cmsis_gcc.h ****   \details Reverses the bit order of the given value.
 370:Drivers/CMSIS/Include/cmsis_gcc.h ****   \param [in]    value  Value to reverse
 371:Drivers/CMSIS/Include/cmsis_gcc.h ****   \return               Reversed value
 372:Drivers/CMSIS/Include/cmsis_gcc.h ****  */
 373:Drivers/CMSIS/Include/cmsis_gcc.h **** __STATIC_FORCEINLINE uint32_t __RBIT(uint32_t value)
 374:Drivers/CMSIS/Include/cmsis_gcc.h **** {
 375:Drivers/CMSIS/Include/cmsis_gcc.h ****   uint32_t result;
 376:Drivers/CMSIS/Include/cmsis_gcc.h **** 
 377:Drivers/CMSIS/Include/cmsis_gcc.h **** #if ((defined (__ARM_ARCH_7M__      ) && (__ARM_ARCH_7M__      == 1)) || \
 378:Drivers/CMSIS/Include/cmsis_gcc.h ****      (defined (__ARM_ARCH_7EM__     ) && (__ARM_ARCH_7EM__     == 1)) || \
 379:Drivers/CMSIS/Include/cmsis_gcc.h ****      (defined (__ARM_ARCH_8M_MAIN__ ) && (__ARM_ARCH_8M_MAIN__ == 1))    )
 380:Drivers/CMSIS/Include/cmsis_gcc.h ****    __ASM ("rbit %0, %1" : "=r" (result) : "r" (value) );
 381:Drivers/CMSIS/Include/cmsis_gcc.h **** #else
 382:Drivers/CMSIS/Include/cmsis_gcc.h ****   uint32_t s = (4U /*sizeof(v)*/ * 8U) - 1U; /* extra shift needed at end */
 383:Drivers/CMSIS/Include/cmsis_gcc.h **** 
 384:Drivers/CMSIS/Include/cmsis_gcc.h ****   result = value;                      /* r will be reversed bits of v; first get LSB of v */
 385:Drivers/CMSIS/Include/cmsis_gcc.h ****   for (value >>= 1U; value != 0U; value >>= 1U)
 386:Drivers/CMSIS/Include/cmsis_gcc.h ****   {
 387:Drivers/CMSIS/Include/cmsis_gcc.h ****     result <<= 1U;
 388:Drivers/CMSIS/Include/cmsis_gcc.h ****     result |= value & 1U;
 389:Drivers/CMSIS/Include/cmsis_gcc.h ****     s--;
 390:Drivers/CMSIS/Include/cmsis_gcc.h ****   }
 391:Drivers/CMSIS/Include/cmsis_gcc.h ****   result <<= s;                        /* shift when v's highest bits are zero */
 392:Drivers/CMSIS/Include/cmsis_gcc.h **** #endif
 393:Drivers/CMSIS/Include/cmsis_gcc.h ****   return result;
 394:Drivers/CMSIS/Include/cmsis_gcc.h **** }
 395:Drivers/CMSIS/Include/cmsis_gcc.h **** 
 396:Drivers/CMSIS/Include/cmsis_gcc.h **** 
 397:Drivers/CMSIS/Include/cmsis_gcc.h **** /**
 398:Drivers/CMSIS/Include/cmsis_gcc.h ****   \brief   Count leading zeros
 399:Drivers/CMSIS/Include/cmsis_gcc.h ****   \details Counts the number of leading zeros of a data value.
 400:Drivers/CMSIS/Include/cmsis_gcc.h ****   \param [in]  value  Value to count the leading zeros
 401:Drivers/CMSIS/Include/cmsis_gcc.h ****   \return             number of leading zeros in value
 402:Drivers/CMSIS/Include/cmsis_gcc.h ****  */
 403:Drivers/CMSIS/Include/cmsis_gcc.h **** __STATIC_FORCEINLINE uint8_t __CLZ(uint32_t value)
 404:Drivers/CMSIS/Include/cmsis_gcc.h **** {
 405:Drivers/CMSIS/Include/cmsis_gcc.h ****   /* Even though __builtin_clz produces a CLZ instruction on ARM, formally
 406:Drivers/CMSIS/Include/cmsis_gcc.h ****      __builtin_clz(0) is undefined behaviour, so handle this case specially.
 407:Drivers/CMSIS/Include/cmsis_gcc.h ****      This guarantees ARM-compatible results if happening to compile on a non-ARM
 408:Drivers/CMSIS/Include/cmsis_gcc.h ****      target, and ensures the compiler doesn't decide to activate any
ARM GAS  /tmp/ccgit7Ho.s 			page 31


 409:Drivers/CMSIS/Include/cmsis_gcc.h ****      optimisations using the logic "value was passed to __builtin_clz, so it
 410:Drivers/CMSIS/Include/cmsis_gcc.h ****      is non-zero".
 411:Drivers/CMSIS/Include/cmsis_gcc.h ****      ARM GCC 7.3 and possibly earlier will optimise this test away, leaving a
 412:Drivers/CMSIS/Include/cmsis_gcc.h ****      single CLZ instruction.
 413:Drivers/CMSIS/Include/cmsis_gcc.h ****    */
 414:Drivers/CMSIS/Include/cmsis_gcc.h ****   if (value == 0U)
 415:Drivers/CMSIS/Include/cmsis_gcc.h ****   {
 416:Drivers/CMSIS/Include/cmsis_gcc.h ****     return 32U;
 417:Drivers/CMSIS/Include/cmsis_gcc.h ****   }
 418:Drivers/CMSIS/Include/cmsis_gcc.h ****   return __builtin_clz(value);
 419:Drivers/CMSIS/Include/cmsis_gcc.h **** }
 420:Drivers/CMSIS/Include/cmsis_gcc.h **** 
 421:Drivers/CMSIS/Include/cmsis_gcc.h **** 
 422:Drivers/CMSIS/Include/cmsis_gcc.h **** #if ((defined (__ARM_ARCH_7M__      ) && (__ARM_ARCH_7M__      == 1)) || \
 423:Drivers/CMSIS/Include/cmsis_gcc.h ****      (defined (__ARM_ARCH_7EM__     ) && (__ARM_ARCH_7EM__     == 1)) || \
 424:Drivers/CMSIS/Include/cmsis_gcc.h ****      (defined (__ARM_ARCH_8M_MAIN__ ) && (__ARM_ARCH_8M_MAIN__ == 1)) || \
 425:Drivers/CMSIS/Include/cmsis_gcc.h ****      (defined (__ARM_ARCH_8M_BASE__ ) && (__ARM_ARCH_8M_BASE__ == 1))    )
 426:Drivers/CMSIS/Include/cmsis_gcc.h **** /**
 427:Drivers/CMSIS/Include/cmsis_gcc.h ****   \brief   LDR Exclusive (8 bit)
 428:Drivers/CMSIS/Include/cmsis_gcc.h ****   \details Executes a exclusive LDR instruction for 8 bit value.
 429:Drivers/CMSIS/Include/cmsis_gcc.h ****   \param [in]    ptr  Pointer to data
 430:Drivers/CMSIS/Include/cmsis_gcc.h ****   \return             value of type uint8_t at (*ptr)
 431:Drivers/CMSIS/Include/cmsis_gcc.h ****  */
 432:Drivers/CMSIS/Include/cmsis_gcc.h **** __STATIC_FORCEINLINE uint8_t __LDREXB(volatile uint8_t *addr)
 433:Drivers/CMSIS/Include/cmsis_gcc.h **** {
 434:Drivers/CMSIS/Include/cmsis_gcc.h ****     uint32_t result;
 435:Drivers/CMSIS/Include/cmsis_gcc.h **** 
 436:Drivers/CMSIS/Include/cmsis_gcc.h **** #if (__GNUC__ > 4) || (__GNUC__ == 4 && __GNUC_MINOR__ >= 8)
 437:Drivers/CMSIS/Include/cmsis_gcc.h ****    __ASM volatile ("ldrexb %0, %1" : "=r" (result) : "Q" (*addr) );
 438:Drivers/CMSIS/Include/cmsis_gcc.h **** #else
 439:Drivers/CMSIS/Include/cmsis_gcc.h ****     /* Prior to GCC 4.8, "Q" will be expanded to [rx, #0] which is not
 440:Drivers/CMSIS/Include/cmsis_gcc.h ****        accepted by assembler. So has to use following less efficient pattern.
 441:Drivers/CMSIS/Include/cmsis_gcc.h ****     */
 442:Drivers/CMSIS/Include/cmsis_gcc.h ****    __ASM volatile ("ldrexb %0, [%1]" : "=r" (result) : "r" (addr) : "memory" );
 443:Drivers/CMSIS/Include/cmsis_gcc.h **** #endif
 444:Drivers/CMSIS/Include/cmsis_gcc.h ****    return ((uint8_t) result);    /* Add explicit type cast here */
 445:Drivers/CMSIS/Include/cmsis_gcc.h **** }
 446:Drivers/CMSIS/Include/cmsis_gcc.h **** 
 447:Drivers/CMSIS/Include/cmsis_gcc.h **** 
 448:Drivers/CMSIS/Include/cmsis_gcc.h **** /**
 449:Drivers/CMSIS/Include/cmsis_gcc.h ****   \brief   LDR Exclusive (16 bit)
 450:Drivers/CMSIS/Include/cmsis_gcc.h ****   \details Executes a exclusive LDR instruction for 16 bit values.
 451:Drivers/CMSIS/Include/cmsis_gcc.h ****   \param [in]    ptr  Pointer to data
 452:Drivers/CMSIS/Include/cmsis_gcc.h ****   \return        value of type uint16_t at (*ptr)
 453:Drivers/CMSIS/Include/cmsis_gcc.h ****  */
 454:Drivers/CMSIS/Include/cmsis_gcc.h **** __STATIC_FORCEINLINE uint16_t __LDREXH(volatile uint16_t *addr)
 455:Drivers/CMSIS/Include/cmsis_gcc.h **** {
 456:Drivers/CMSIS/Include/cmsis_gcc.h ****     uint32_t result;
 457:Drivers/CMSIS/Include/cmsis_gcc.h **** 
 458:Drivers/CMSIS/Include/cmsis_gcc.h **** #if (__GNUC__ > 4) || (__GNUC__ == 4 && __GNUC_MINOR__ >= 8)
 459:Drivers/CMSIS/Include/cmsis_gcc.h ****    __ASM volatile ("ldrexh %0, %1" : "=r" (result) : "Q" (*addr) );
 460:Drivers/CMSIS/Include/cmsis_gcc.h **** #else
 461:Drivers/CMSIS/Include/cmsis_gcc.h ****     /* Prior to GCC 4.8, "Q" will be expanded to [rx, #0] which is not
 462:Drivers/CMSIS/Include/cmsis_gcc.h ****        accepted by assembler. So has to use following less efficient pattern.
 463:Drivers/CMSIS/Include/cmsis_gcc.h ****     */
 464:Drivers/CMSIS/Include/cmsis_gcc.h ****    __ASM volatile ("ldrexh %0, [%1]" : "=r" (result) : "r" (addr) : "memory" );
 465:Drivers/CMSIS/Include/cmsis_gcc.h **** #endif
ARM GAS  /tmp/ccgit7Ho.s 			page 32


 466:Drivers/CMSIS/Include/cmsis_gcc.h ****    return ((uint16_t) result);    /* Add explicit type cast here */
 467:Drivers/CMSIS/Include/cmsis_gcc.h **** }
 468:Drivers/CMSIS/Include/cmsis_gcc.h **** 
 469:Drivers/CMSIS/Include/cmsis_gcc.h **** 
 470:Drivers/CMSIS/Include/cmsis_gcc.h **** /**
 471:Drivers/CMSIS/Include/cmsis_gcc.h ****   \brief   LDR Exclusive (32 bit)
 472:Drivers/CMSIS/Include/cmsis_gcc.h ****   \details Executes a exclusive LDR instruction for 32 bit values.
 473:Drivers/CMSIS/Include/cmsis_gcc.h ****   \param [in]    ptr  Pointer to data
 474:Drivers/CMSIS/Include/cmsis_gcc.h ****   \return        value of type uint32_t at (*ptr)
 475:Drivers/CMSIS/Include/cmsis_gcc.h ****  */
 476:Drivers/CMSIS/Include/cmsis_gcc.h **** __STATIC_FORCEINLINE uint32_t __LDREXW(volatile uint32_t *addr)
 477:Drivers/CMSIS/Include/cmsis_gcc.h **** {
 478:Drivers/CMSIS/Include/cmsis_gcc.h ****     uint32_t result;
 479:Drivers/CMSIS/Include/cmsis_gcc.h **** 
 480:Drivers/CMSIS/Include/cmsis_gcc.h ****    __ASM volatile ("ldrex %0, %1" : "=r" (result) : "Q" (*addr) );
 481:Drivers/CMSIS/Include/cmsis_gcc.h ****    return(result);
 482:Drivers/CMSIS/Include/cmsis_gcc.h **** }
 483:Drivers/CMSIS/Include/cmsis_gcc.h **** 
 484:Drivers/CMSIS/Include/cmsis_gcc.h **** 
 485:Drivers/CMSIS/Include/cmsis_gcc.h **** /**
 486:Drivers/CMSIS/Include/cmsis_gcc.h ****   \brief   STR Exclusive (8 bit)
 487:Drivers/CMSIS/Include/cmsis_gcc.h ****   \details Executes a exclusive STR instruction for 8 bit values.
 488:Drivers/CMSIS/Include/cmsis_gcc.h ****   \param [in]  value  Value to store
 489:Drivers/CMSIS/Include/cmsis_gcc.h ****   \param [in]    ptr  Pointer to location
 490:Drivers/CMSIS/Include/cmsis_gcc.h ****   \return          0  Function succeeded
 491:Drivers/CMSIS/Include/cmsis_gcc.h ****   \return          1  Function failed
 492:Drivers/CMSIS/Include/cmsis_gcc.h ****  */
 493:Drivers/CMSIS/Include/cmsis_gcc.h **** __STATIC_FORCEINLINE uint32_t __STREXB(uint8_t value, volatile uint8_t *addr)
 494:Drivers/CMSIS/Include/cmsis_gcc.h **** {
 495:Drivers/CMSIS/Include/cmsis_gcc.h ****    uint32_t result;
 496:Drivers/CMSIS/Include/cmsis_gcc.h **** 
 497:Drivers/CMSIS/Include/cmsis_gcc.h ****    __ASM volatile ("strexb %0, %2, %1" : "=&r" (result), "=Q" (*addr) : "r" ((uint32_t)value) );
 498:Drivers/CMSIS/Include/cmsis_gcc.h ****    return(result);
 499:Drivers/CMSIS/Include/cmsis_gcc.h **** }
 500:Drivers/CMSIS/Include/cmsis_gcc.h **** 
 501:Drivers/CMSIS/Include/cmsis_gcc.h **** 
 502:Drivers/CMSIS/Include/cmsis_gcc.h **** /**
 503:Drivers/CMSIS/Include/cmsis_gcc.h ****   \brief   STR Exclusive (16 bit)
 504:Drivers/CMSIS/Include/cmsis_gcc.h ****   \details Executes a exclusive STR instruction for 16 bit values.
 505:Drivers/CMSIS/Include/cmsis_gcc.h ****   \param [in]  value  Value to store
 506:Drivers/CMSIS/Include/cmsis_gcc.h ****   \param [in]    ptr  Pointer to location
 507:Drivers/CMSIS/Include/cmsis_gcc.h ****   \return          0  Function succeeded
 508:Drivers/CMSIS/Include/cmsis_gcc.h ****   \return          1  Function failed
 509:Drivers/CMSIS/Include/cmsis_gcc.h ****  */
 510:Drivers/CMSIS/Include/cmsis_gcc.h **** __STATIC_FORCEINLINE uint32_t __STREXH(uint16_t value, volatile uint16_t *addr)
 511:Drivers/CMSIS/Include/cmsis_gcc.h **** {
 512:Drivers/CMSIS/Include/cmsis_gcc.h ****    uint32_t result;
 513:Drivers/CMSIS/Include/cmsis_gcc.h **** 
 514:Drivers/CMSIS/Include/cmsis_gcc.h ****    __ASM volatile ("strexh %0, %2, %1" : "=&r" (result), "=Q" (*addr) : "r" ((uint32_t)value) );
 515:Drivers/CMSIS/Include/cmsis_gcc.h ****    return(result);
 516:Drivers/CMSIS/Include/cmsis_gcc.h **** }
 517:Drivers/CMSIS/Include/cmsis_gcc.h **** 
 518:Drivers/CMSIS/Include/cmsis_gcc.h **** 
 519:Drivers/CMSIS/Include/cmsis_gcc.h **** /**
 520:Drivers/CMSIS/Include/cmsis_gcc.h ****   \brief   STR Exclusive (32 bit)
 521:Drivers/CMSIS/Include/cmsis_gcc.h ****   \details Executes a exclusive STR instruction for 32 bit values.
 522:Drivers/CMSIS/Include/cmsis_gcc.h ****   \param [in]  value  Value to store
ARM GAS  /tmp/ccgit7Ho.s 			page 33


 523:Drivers/CMSIS/Include/cmsis_gcc.h ****   \param [in]    ptr  Pointer to location
 524:Drivers/CMSIS/Include/cmsis_gcc.h ****   \return          0  Function succeeded
 525:Drivers/CMSIS/Include/cmsis_gcc.h ****   \return          1  Function failed
 526:Drivers/CMSIS/Include/cmsis_gcc.h ****  */
 527:Drivers/CMSIS/Include/cmsis_gcc.h **** __STATIC_FORCEINLINE uint32_t __STREXW(uint32_t value, volatile uint32_t *addr)
 528:Drivers/CMSIS/Include/cmsis_gcc.h **** {
 529:Drivers/CMSIS/Include/cmsis_gcc.h ****    uint32_t result;
 530:Drivers/CMSIS/Include/cmsis_gcc.h **** 
 531:Drivers/CMSIS/Include/cmsis_gcc.h ****    __ASM volatile ("strex %0, %2, %1" : "=&r" (result), "=Q" (*addr) : "r" (value) );
 532:Drivers/CMSIS/Include/cmsis_gcc.h ****    return(result);
 533:Drivers/CMSIS/Include/cmsis_gcc.h **** }
 534:Drivers/CMSIS/Include/cmsis_gcc.h **** 
 535:Drivers/CMSIS/Include/cmsis_gcc.h **** 
 536:Drivers/CMSIS/Include/cmsis_gcc.h **** /**
 537:Drivers/CMSIS/Include/cmsis_gcc.h ****   \brief   Remove the exclusive lock
 538:Drivers/CMSIS/Include/cmsis_gcc.h ****   \details Removes the exclusive lock which is created by LDREX.
 539:Drivers/CMSIS/Include/cmsis_gcc.h ****  */
 540:Drivers/CMSIS/Include/cmsis_gcc.h **** __STATIC_FORCEINLINE void __CLREX(void)
 541:Drivers/CMSIS/Include/cmsis_gcc.h **** {
 542:Drivers/CMSIS/Include/cmsis_gcc.h ****   __ASM volatile ("clrex" ::: "memory");
 543:Drivers/CMSIS/Include/cmsis_gcc.h **** }
 544:Drivers/CMSIS/Include/cmsis_gcc.h **** 
 545:Drivers/CMSIS/Include/cmsis_gcc.h **** #endif /* ((defined (__ARM_ARCH_7M__      ) && (__ARM_ARCH_7M__      == 1)) || \
 546:Drivers/CMSIS/Include/cmsis_gcc.h ****            (defined (__ARM_ARCH_7EM__     ) && (__ARM_ARCH_7EM__     == 1)) || \
 547:Drivers/CMSIS/Include/cmsis_gcc.h ****            (defined (__ARM_ARCH_8M_MAIN__ ) && (__ARM_ARCH_8M_MAIN__ == 1)) || \
 548:Drivers/CMSIS/Include/cmsis_gcc.h ****            (defined (__ARM_ARCH_8M_BASE__ ) && (__ARM_ARCH_8M_BASE__ == 1))    ) */
 549:Drivers/CMSIS/Include/cmsis_gcc.h **** 
 550:Drivers/CMSIS/Include/cmsis_gcc.h **** 
 551:Drivers/CMSIS/Include/cmsis_gcc.h **** #if ((defined (__ARM_ARCH_7M__      ) && (__ARM_ARCH_7M__      == 1)) || \
 552:Drivers/CMSIS/Include/cmsis_gcc.h ****      (defined (__ARM_ARCH_7EM__     ) && (__ARM_ARCH_7EM__     == 1)) || \
 553:Drivers/CMSIS/Include/cmsis_gcc.h ****      (defined (__ARM_ARCH_8M_MAIN__ ) && (__ARM_ARCH_8M_MAIN__ == 1))    )
 554:Drivers/CMSIS/Include/cmsis_gcc.h **** /**
 555:Drivers/CMSIS/Include/cmsis_gcc.h ****   \brief   Signed Saturate
 556:Drivers/CMSIS/Include/cmsis_gcc.h ****   \details Saturates a signed value.
 557:Drivers/CMSIS/Include/cmsis_gcc.h ****   \param [in]  ARG1  Value to be saturated
 558:Drivers/CMSIS/Include/cmsis_gcc.h ****   \param [in]  ARG2  Bit position to saturate to (1..32)
 559:Drivers/CMSIS/Include/cmsis_gcc.h ****   \return             Saturated value
 560:Drivers/CMSIS/Include/cmsis_gcc.h ****  */
 561:Drivers/CMSIS/Include/cmsis_gcc.h **** #define __SSAT(ARG1, ARG2) \
 562:Drivers/CMSIS/Include/cmsis_gcc.h **** __extension__ \
 563:Drivers/CMSIS/Include/cmsis_gcc.h **** ({                          \
 564:Drivers/CMSIS/Include/cmsis_gcc.h ****   int32_t __RES, __ARG1 = (ARG1); \
 565:Drivers/CMSIS/Include/cmsis_gcc.h ****   __ASM volatile ("ssat %0, %1, %2" : "=r" (__RES) :  "I" (ARG2), "r" (__ARG1) : "cc" ); \
 566:Drivers/CMSIS/Include/cmsis_gcc.h ****   __RES; \
 567:Drivers/CMSIS/Include/cmsis_gcc.h ****  })
 568:Drivers/CMSIS/Include/cmsis_gcc.h **** 
 569:Drivers/CMSIS/Include/cmsis_gcc.h **** 
 570:Drivers/CMSIS/Include/cmsis_gcc.h **** /**
 571:Drivers/CMSIS/Include/cmsis_gcc.h ****   \brief   Unsigned Saturate
 572:Drivers/CMSIS/Include/cmsis_gcc.h ****   \details Saturates an unsigned value.
 573:Drivers/CMSIS/Include/cmsis_gcc.h ****   \param [in]  ARG1  Value to be saturated
 574:Drivers/CMSIS/Include/cmsis_gcc.h ****   \param [in]  ARG2  Bit position to saturate to (0..31)
 575:Drivers/CMSIS/Include/cmsis_gcc.h ****   \return             Saturated value
 576:Drivers/CMSIS/Include/cmsis_gcc.h ****  */
 577:Drivers/CMSIS/Include/cmsis_gcc.h **** #define __USAT(ARG1, ARG2) \
 578:Drivers/CMSIS/Include/cmsis_gcc.h **** __extension__ \
 579:Drivers/CMSIS/Include/cmsis_gcc.h **** ({                          \
ARM GAS  /tmp/ccgit7Ho.s 			page 34


 580:Drivers/CMSIS/Include/cmsis_gcc.h ****   uint32_t __RES, __ARG1 = (ARG1); \
 581:Drivers/CMSIS/Include/cmsis_gcc.h ****   __ASM volatile ("usat %0, %1, %2" : "=r" (__RES) :  "I" (ARG2), "r" (__ARG1) : "cc" ); \
 582:Drivers/CMSIS/Include/cmsis_gcc.h ****   __RES; \
 583:Drivers/CMSIS/Include/cmsis_gcc.h ****  })
 584:Drivers/CMSIS/Include/cmsis_gcc.h **** 
 585:Drivers/CMSIS/Include/cmsis_gcc.h **** 
 586:Drivers/CMSIS/Include/cmsis_gcc.h **** /**
 587:Drivers/CMSIS/Include/cmsis_gcc.h ****   \brief   Rotate Right with Extend (32 bit)
 588:Drivers/CMSIS/Include/cmsis_gcc.h ****   \details Moves each bit of a bitstring right by one bit.
 589:Drivers/CMSIS/Include/cmsis_gcc.h ****            The carry input is shifted in at the left end of the bitstring.
 590:Drivers/CMSIS/Include/cmsis_gcc.h ****   \param [in]    value  Value to rotate
 591:Drivers/CMSIS/Include/cmsis_gcc.h ****   \return               Rotated value
 592:Drivers/CMSIS/Include/cmsis_gcc.h ****  */
 593:Drivers/CMSIS/Include/cmsis_gcc.h **** __STATIC_FORCEINLINE uint32_t __RRX(uint32_t value)
 594:Drivers/CMSIS/Include/cmsis_gcc.h **** {
 595:Drivers/CMSIS/Include/cmsis_gcc.h ****   uint32_t result;
 596:Drivers/CMSIS/Include/cmsis_gcc.h **** 
 597:Drivers/CMSIS/Include/cmsis_gcc.h ****   __ASM volatile ("rrx %0, %1" : __CMSIS_GCC_OUT_REG (result) : __CMSIS_GCC_USE_REG (value) );
 598:Drivers/CMSIS/Include/cmsis_gcc.h ****   return(result);
 599:Drivers/CMSIS/Include/cmsis_gcc.h **** }
 600:Drivers/CMSIS/Include/cmsis_gcc.h **** 
 601:Drivers/CMSIS/Include/cmsis_gcc.h **** 
 602:Drivers/CMSIS/Include/cmsis_gcc.h **** /**
 603:Drivers/CMSIS/Include/cmsis_gcc.h ****   \brief   LDRT Unprivileged (8 bit)
 604:Drivers/CMSIS/Include/cmsis_gcc.h ****   \details Executes a Unprivileged LDRT instruction for 8 bit value.
 605:Drivers/CMSIS/Include/cmsis_gcc.h ****   \param [in]    ptr  Pointer to data
 606:Drivers/CMSIS/Include/cmsis_gcc.h ****   \return             value of type uint8_t at (*ptr)
 607:Drivers/CMSIS/Include/cmsis_gcc.h ****  */
 608:Drivers/CMSIS/Include/cmsis_gcc.h **** __STATIC_FORCEINLINE uint8_t __LDRBT(volatile uint8_t *ptr)
 609:Drivers/CMSIS/Include/cmsis_gcc.h **** {
 610:Drivers/CMSIS/Include/cmsis_gcc.h ****     uint32_t result;
 611:Drivers/CMSIS/Include/cmsis_gcc.h **** 
 612:Drivers/CMSIS/Include/cmsis_gcc.h **** #if (__GNUC__ > 4) || (__GNUC__ == 4 && __GNUC_MINOR__ >= 8)
 613:Drivers/CMSIS/Include/cmsis_gcc.h ****    __ASM volatile ("ldrbt %0, %1" : "=r" (result) : "Q" (*ptr) );
 614:Drivers/CMSIS/Include/cmsis_gcc.h **** #else
 615:Drivers/CMSIS/Include/cmsis_gcc.h ****     /* Prior to GCC 4.8, "Q" will be expanded to [rx, #0] which is not
 616:Drivers/CMSIS/Include/cmsis_gcc.h ****        accepted by assembler. So has to use following less efficient pattern.
 617:Drivers/CMSIS/Include/cmsis_gcc.h ****     */
 618:Drivers/CMSIS/Include/cmsis_gcc.h ****    __ASM volatile ("ldrbt %0, [%1]" : "=r" (result) : "r" (ptr) : "memory" );
 619:Drivers/CMSIS/Include/cmsis_gcc.h **** #endif
 620:Drivers/CMSIS/Include/cmsis_gcc.h ****    return ((uint8_t) result);    /* Add explicit type cast here */
 621:Drivers/CMSIS/Include/cmsis_gcc.h **** }
 622:Drivers/CMSIS/Include/cmsis_gcc.h **** 
 623:Drivers/CMSIS/Include/cmsis_gcc.h **** 
 624:Drivers/CMSIS/Include/cmsis_gcc.h **** /**
 625:Drivers/CMSIS/Include/cmsis_gcc.h ****   \brief   LDRT Unprivileged (16 bit)
 626:Drivers/CMSIS/Include/cmsis_gcc.h ****   \details Executes a Unprivileged LDRT instruction for 16 bit values.
 627:Drivers/CMSIS/Include/cmsis_gcc.h ****   \param [in]    ptr  Pointer to data
 628:Drivers/CMSIS/Include/cmsis_gcc.h ****   \return        value of type uint16_t at (*ptr)
 629:Drivers/CMSIS/Include/cmsis_gcc.h ****  */
 630:Drivers/CMSIS/Include/cmsis_gcc.h **** __STATIC_FORCEINLINE uint16_t __LDRHT(volatile uint16_t *ptr)
 631:Drivers/CMSIS/Include/cmsis_gcc.h **** {
 632:Drivers/CMSIS/Include/cmsis_gcc.h ****     uint32_t result;
 633:Drivers/CMSIS/Include/cmsis_gcc.h **** 
 634:Drivers/CMSIS/Include/cmsis_gcc.h **** #if (__GNUC__ > 4) || (__GNUC__ == 4 && __GNUC_MINOR__ >= 8)
 635:Drivers/CMSIS/Include/cmsis_gcc.h ****    __ASM volatile ("ldrht %0, %1" : "=r" (result) : "Q" (*ptr) );
 636:Drivers/CMSIS/Include/cmsis_gcc.h **** #else
ARM GAS  /tmp/ccgit7Ho.s 			page 35


 637:Drivers/CMSIS/Include/cmsis_gcc.h ****     /* Prior to GCC 4.8, "Q" will be expanded to [rx, #0] which is not
 638:Drivers/CMSIS/Include/cmsis_gcc.h ****        accepted by assembler. So has to use following less efficient pattern.
 639:Drivers/CMSIS/Include/cmsis_gcc.h ****     */
 640:Drivers/CMSIS/Include/cmsis_gcc.h ****    __ASM volatile ("ldrht %0, [%1]" : "=r" (result) : "r" (ptr) : "memory" );
 641:Drivers/CMSIS/Include/cmsis_gcc.h **** #endif
 642:Drivers/CMSIS/Include/cmsis_gcc.h ****    return ((uint16_t) result);    /* Add explicit type cast here */
 643:Drivers/CMSIS/Include/cmsis_gcc.h **** }
 644:Drivers/CMSIS/Include/cmsis_gcc.h **** 
 645:Drivers/CMSIS/Include/cmsis_gcc.h **** 
 646:Drivers/CMSIS/Include/cmsis_gcc.h **** /**
 647:Drivers/CMSIS/Include/cmsis_gcc.h ****   \brief   LDRT Unprivileged (32 bit)
 648:Drivers/CMSIS/Include/cmsis_gcc.h ****   \details Executes a Unprivileged LDRT instruction for 32 bit values.
 649:Drivers/CMSIS/Include/cmsis_gcc.h ****   \param [in]    ptr  Pointer to data
 650:Drivers/CMSIS/Include/cmsis_gcc.h ****   \return        value of type uint32_t at (*ptr)
 651:Drivers/CMSIS/Include/cmsis_gcc.h ****  */
 652:Drivers/CMSIS/Include/cmsis_gcc.h **** __STATIC_FORCEINLINE uint32_t __LDRT(volatile uint32_t *ptr)
 653:Drivers/CMSIS/Include/cmsis_gcc.h **** {
 654:Drivers/CMSIS/Include/cmsis_gcc.h ****     uint32_t result;
 655:Drivers/CMSIS/Include/cmsis_gcc.h **** 
 656:Drivers/CMSIS/Include/cmsis_gcc.h ****    __ASM volatile ("ldrt %0, %1" : "=r" (result) : "Q" (*ptr) );
 657:Drivers/CMSIS/Include/cmsis_gcc.h ****    return(result);
 658:Drivers/CMSIS/Include/cmsis_gcc.h **** }
 659:Drivers/CMSIS/Include/cmsis_gcc.h **** 
 660:Drivers/CMSIS/Include/cmsis_gcc.h **** 
 661:Drivers/CMSIS/Include/cmsis_gcc.h **** /**
 662:Drivers/CMSIS/Include/cmsis_gcc.h ****   \brief   STRT Unprivileged (8 bit)
 663:Drivers/CMSIS/Include/cmsis_gcc.h ****   \details Executes a Unprivileged STRT instruction for 8 bit values.
 664:Drivers/CMSIS/Include/cmsis_gcc.h ****   \param [in]  value  Value to store
 665:Drivers/CMSIS/Include/cmsis_gcc.h ****   \param [in]    ptr  Pointer to location
 666:Drivers/CMSIS/Include/cmsis_gcc.h ****  */
 667:Drivers/CMSIS/Include/cmsis_gcc.h **** __STATIC_FORCEINLINE void __STRBT(uint8_t value, volatile uint8_t *ptr)
 668:Drivers/CMSIS/Include/cmsis_gcc.h **** {
 669:Drivers/CMSIS/Include/cmsis_gcc.h ****    __ASM volatile ("strbt %1, %0" : "=Q" (*ptr) : "r" ((uint32_t)value) );
 670:Drivers/CMSIS/Include/cmsis_gcc.h **** }
 671:Drivers/CMSIS/Include/cmsis_gcc.h **** 
 672:Drivers/CMSIS/Include/cmsis_gcc.h **** 
 673:Drivers/CMSIS/Include/cmsis_gcc.h **** /**
 674:Drivers/CMSIS/Include/cmsis_gcc.h ****   \brief   STRT Unprivileged (16 bit)
 675:Drivers/CMSIS/Include/cmsis_gcc.h ****   \details Executes a Unprivileged STRT instruction for 16 bit values.
 676:Drivers/CMSIS/Include/cmsis_gcc.h ****   \param [in]  value  Value to store
 677:Drivers/CMSIS/Include/cmsis_gcc.h ****   \param [in]    ptr  Pointer to location
 678:Drivers/CMSIS/Include/cmsis_gcc.h ****  */
 679:Drivers/CMSIS/Include/cmsis_gcc.h **** __STATIC_FORCEINLINE void __STRHT(uint16_t value, volatile uint16_t *ptr)
 680:Drivers/CMSIS/Include/cmsis_gcc.h **** {
 681:Drivers/CMSIS/Include/cmsis_gcc.h ****    __ASM volatile ("strht %1, %0" : "=Q" (*ptr) : "r" ((uint32_t)value) );
 682:Drivers/CMSIS/Include/cmsis_gcc.h **** }
 683:Drivers/CMSIS/Include/cmsis_gcc.h **** 
 684:Drivers/CMSIS/Include/cmsis_gcc.h **** 
 685:Drivers/CMSIS/Include/cmsis_gcc.h **** /**
 686:Drivers/CMSIS/Include/cmsis_gcc.h ****   \brief   STRT Unprivileged (32 bit)
 687:Drivers/CMSIS/Include/cmsis_gcc.h ****   \details Executes a Unprivileged STRT instruction for 32 bit values.
 688:Drivers/CMSIS/Include/cmsis_gcc.h ****   \param [in]  value  Value to store
 689:Drivers/CMSIS/Include/cmsis_gcc.h ****   \param [in]    ptr  Pointer to location
 690:Drivers/CMSIS/Include/cmsis_gcc.h ****  */
 691:Drivers/CMSIS/Include/cmsis_gcc.h **** __STATIC_FORCEINLINE void __STRT(uint32_t value, volatile uint32_t *ptr)
 692:Drivers/CMSIS/Include/cmsis_gcc.h **** {
 693:Drivers/CMSIS/Include/cmsis_gcc.h ****    __ASM volatile ("strt %1, %0" : "=Q" (*ptr) : "r" (value) );
ARM GAS  /tmp/ccgit7Ho.s 			page 36


 694:Drivers/CMSIS/Include/cmsis_gcc.h **** }
 695:Drivers/CMSIS/Include/cmsis_gcc.h **** 
 696:Drivers/CMSIS/Include/cmsis_gcc.h **** #else  /* ((defined (__ARM_ARCH_7M__      ) && (__ARM_ARCH_7M__      == 1)) || \
 697:Drivers/CMSIS/Include/cmsis_gcc.h ****            (defined (__ARM_ARCH_7EM__     ) && (__ARM_ARCH_7EM__     == 1)) || \
 698:Drivers/CMSIS/Include/cmsis_gcc.h ****            (defined (__ARM_ARCH_8M_MAIN__ ) && (__ARM_ARCH_8M_MAIN__ == 1))    ) */
 699:Drivers/CMSIS/Include/cmsis_gcc.h **** 
 700:Drivers/CMSIS/Include/cmsis_gcc.h **** /**
 701:Drivers/CMSIS/Include/cmsis_gcc.h ****   \brief   Signed Saturate
 702:Drivers/CMSIS/Include/cmsis_gcc.h ****   \details Saturates a signed value.
 703:Drivers/CMSIS/Include/cmsis_gcc.h ****   \param [in]  value  Value to be saturated
 704:Drivers/CMSIS/Include/cmsis_gcc.h ****   \param [in]    sat  Bit position to saturate to (1..32)
 705:Drivers/CMSIS/Include/cmsis_gcc.h ****   \return             Saturated value
 706:Drivers/CMSIS/Include/cmsis_gcc.h ****  */
 707:Drivers/CMSIS/Include/cmsis_gcc.h **** __STATIC_FORCEINLINE int32_t __SSAT(int32_t val, uint32_t sat)
 708:Drivers/CMSIS/Include/cmsis_gcc.h **** {
 709:Drivers/CMSIS/Include/cmsis_gcc.h ****   if ((sat >= 1U) && (sat <= 32U))
 710:Drivers/CMSIS/Include/cmsis_gcc.h ****   {
 711:Drivers/CMSIS/Include/cmsis_gcc.h ****     const int32_t max = (int32_t)((1U << (sat - 1U)) - 1U);
 712:Drivers/CMSIS/Include/cmsis_gcc.h ****     const int32_t min = -1 - max ;
 713:Drivers/CMSIS/Include/cmsis_gcc.h ****     if (val > max)
 714:Drivers/CMSIS/Include/cmsis_gcc.h ****     {
 715:Drivers/CMSIS/Include/cmsis_gcc.h ****       return max;
 716:Drivers/CMSIS/Include/cmsis_gcc.h ****     }
 717:Drivers/CMSIS/Include/cmsis_gcc.h ****     else if (val < min)
 718:Drivers/CMSIS/Include/cmsis_gcc.h ****     {
 719:Drivers/CMSIS/Include/cmsis_gcc.h ****       return min;
 720:Drivers/CMSIS/Include/cmsis_gcc.h ****     }
 721:Drivers/CMSIS/Include/cmsis_gcc.h ****   }
 722:Drivers/CMSIS/Include/cmsis_gcc.h ****   return val;
 723:Drivers/CMSIS/Include/cmsis_gcc.h **** }
 724:Drivers/CMSIS/Include/cmsis_gcc.h **** 
 725:Drivers/CMSIS/Include/cmsis_gcc.h **** /**
 726:Drivers/CMSIS/Include/cmsis_gcc.h ****   \brief   Unsigned Saturate
 727:Drivers/CMSIS/Include/cmsis_gcc.h ****   \details Saturates an unsigned value.
 728:Drivers/CMSIS/Include/cmsis_gcc.h ****   \param [in]  value  Value to be saturated
 729:Drivers/CMSIS/Include/cmsis_gcc.h ****   \param [in]    sat  Bit position to saturate to (0..31)
 730:Drivers/CMSIS/Include/cmsis_gcc.h ****   \return             Saturated value
 731:Drivers/CMSIS/Include/cmsis_gcc.h ****  */
 732:Drivers/CMSIS/Include/cmsis_gcc.h **** __STATIC_FORCEINLINE uint32_t __USAT(int32_t val, uint32_t sat)
 733:Drivers/CMSIS/Include/cmsis_gcc.h **** {
 734:Drivers/CMSIS/Include/cmsis_gcc.h ****   if (sat <= 31U)
 735:Drivers/CMSIS/Include/cmsis_gcc.h ****   {
 736:Drivers/CMSIS/Include/cmsis_gcc.h ****     const uint32_t max = ((1U << sat) - 1U);
 737:Drivers/CMSIS/Include/cmsis_gcc.h ****     if (val > (int32_t)max)
 738:Drivers/CMSIS/Include/cmsis_gcc.h ****     {
 739:Drivers/CMSIS/Include/cmsis_gcc.h ****       return max;
 740:Drivers/CMSIS/Include/cmsis_gcc.h ****     }
 741:Drivers/CMSIS/Include/cmsis_gcc.h ****     else if (val < 0)
 742:Drivers/CMSIS/Include/cmsis_gcc.h ****     {
 743:Drivers/CMSIS/Include/cmsis_gcc.h ****       return 0U;
 744:Drivers/CMSIS/Include/cmsis_gcc.h ****     }
 745:Drivers/CMSIS/Include/cmsis_gcc.h ****   }
 746:Drivers/CMSIS/Include/cmsis_gcc.h ****   return (uint32_t)val;
 747:Drivers/CMSIS/Include/cmsis_gcc.h **** }
 748:Drivers/CMSIS/Include/cmsis_gcc.h **** 
 749:Drivers/CMSIS/Include/cmsis_gcc.h **** #endif /* ((defined (__ARM_ARCH_7M__      ) && (__ARM_ARCH_7M__      == 1)) || \
 750:Drivers/CMSIS/Include/cmsis_gcc.h ****            (defined (__ARM_ARCH_7EM__     ) && (__ARM_ARCH_7EM__     == 1)) || \
ARM GAS  /tmp/ccgit7Ho.s 			page 37


 751:Drivers/CMSIS/Include/cmsis_gcc.h ****            (defined (__ARM_ARCH_8M_MAIN__ ) && (__ARM_ARCH_8M_MAIN__ == 1))    ) */
 752:Drivers/CMSIS/Include/cmsis_gcc.h **** 
 753:Drivers/CMSIS/Include/cmsis_gcc.h **** 
 754:Drivers/CMSIS/Include/cmsis_gcc.h **** #if ((defined (__ARM_ARCH_8M_MAIN__ ) && (__ARM_ARCH_8M_MAIN__ == 1)) || \
 755:Drivers/CMSIS/Include/cmsis_gcc.h ****      (defined (__ARM_ARCH_8M_BASE__ ) && (__ARM_ARCH_8M_BASE__ == 1))    )
 756:Drivers/CMSIS/Include/cmsis_gcc.h **** /**
 757:Drivers/CMSIS/Include/cmsis_gcc.h ****   \brief   Load-Acquire (8 bit)
 758:Drivers/CMSIS/Include/cmsis_gcc.h ****   \details Executes a LDAB instruction for 8 bit value.
 759:Drivers/CMSIS/Include/cmsis_gcc.h ****   \param [in]    ptr  Pointer to data
 760:Drivers/CMSIS/Include/cmsis_gcc.h ****   \return             value of type uint8_t at (*ptr)
 761:Drivers/CMSIS/Include/cmsis_gcc.h ****  */
 762:Drivers/CMSIS/Include/cmsis_gcc.h **** __STATIC_FORCEINLINE uint8_t __LDAB(volatile uint8_t *ptr)
 763:Drivers/CMSIS/Include/cmsis_gcc.h **** {
 764:Drivers/CMSIS/Include/cmsis_gcc.h ****     uint32_t result;
 765:Drivers/CMSIS/Include/cmsis_gcc.h **** 
 766:Drivers/CMSIS/Include/cmsis_gcc.h ****    __ASM volatile ("ldab %0, %1" : "=r" (result) : "Q" (*ptr) : "memory" );
 767:Drivers/CMSIS/Include/cmsis_gcc.h ****    return ((uint8_t) result);
 768:Drivers/CMSIS/Include/cmsis_gcc.h **** }
 769:Drivers/CMSIS/Include/cmsis_gcc.h **** 
 770:Drivers/CMSIS/Include/cmsis_gcc.h **** 
 771:Drivers/CMSIS/Include/cmsis_gcc.h **** /**
 772:Drivers/CMSIS/Include/cmsis_gcc.h ****   \brief   Load-Acquire (16 bit)
 773:Drivers/CMSIS/Include/cmsis_gcc.h ****   \details Executes a LDAH instruction for 16 bit values.
 774:Drivers/CMSIS/Include/cmsis_gcc.h ****   \param [in]    ptr  Pointer to data
 775:Drivers/CMSIS/Include/cmsis_gcc.h ****   \return        value of type uint16_t at (*ptr)
 776:Drivers/CMSIS/Include/cmsis_gcc.h ****  */
 777:Drivers/CMSIS/Include/cmsis_gcc.h **** __STATIC_FORCEINLINE uint16_t __LDAH(volatile uint16_t *ptr)
 778:Drivers/CMSIS/Include/cmsis_gcc.h **** {
 779:Drivers/CMSIS/Include/cmsis_gcc.h ****     uint32_t result;
 780:Drivers/CMSIS/Include/cmsis_gcc.h **** 
 781:Drivers/CMSIS/Include/cmsis_gcc.h ****    __ASM volatile ("ldah %0, %1" : "=r" (result) : "Q" (*ptr) : "memory" );
 782:Drivers/CMSIS/Include/cmsis_gcc.h ****    return ((uint16_t) result);
 783:Drivers/CMSIS/Include/cmsis_gcc.h **** }
 784:Drivers/CMSIS/Include/cmsis_gcc.h **** 
 785:Drivers/CMSIS/Include/cmsis_gcc.h **** 
 786:Drivers/CMSIS/Include/cmsis_gcc.h **** /**
 787:Drivers/CMSIS/Include/cmsis_gcc.h ****   \brief   Load-Acquire (32 bit)
 788:Drivers/CMSIS/Include/cmsis_gcc.h ****   \details Executes a LDA instruction for 32 bit values.
 789:Drivers/CMSIS/Include/cmsis_gcc.h ****   \param [in]    ptr  Pointer to data
 790:Drivers/CMSIS/Include/cmsis_gcc.h ****   \return        value of type uint32_t at (*ptr)
 791:Drivers/CMSIS/Include/cmsis_gcc.h ****  */
 792:Drivers/CMSIS/Include/cmsis_gcc.h **** __STATIC_FORCEINLINE uint32_t __LDA(volatile uint32_t *ptr)
 793:Drivers/CMSIS/Include/cmsis_gcc.h **** {
 794:Drivers/CMSIS/Include/cmsis_gcc.h ****     uint32_t result;
 795:Drivers/CMSIS/Include/cmsis_gcc.h **** 
 796:Drivers/CMSIS/Include/cmsis_gcc.h ****    __ASM volatile ("lda %0, %1" : "=r" (result) : "Q" (*ptr) : "memory" );
 797:Drivers/CMSIS/Include/cmsis_gcc.h ****    return(result);
 798:Drivers/CMSIS/Include/cmsis_gcc.h **** }
 799:Drivers/CMSIS/Include/cmsis_gcc.h **** 
 800:Drivers/CMSIS/Include/cmsis_gcc.h **** 
 801:Drivers/CMSIS/Include/cmsis_gcc.h **** /**
 802:Drivers/CMSIS/Include/cmsis_gcc.h ****   \brief   Store-Release (8 bit)
 803:Drivers/CMSIS/Include/cmsis_gcc.h ****   \details Executes a STLB instruction for 8 bit values.
 804:Drivers/CMSIS/Include/cmsis_gcc.h ****   \param [in]  value  Value to store
 805:Drivers/CMSIS/Include/cmsis_gcc.h ****   \param [in]    ptr  Pointer to location
 806:Drivers/CMSIS/Include/cmsis_gcc.h ****  */
 807:Drivers/CMSIS/Include/cmsis_gcc.h **** __STATIC_FORCEINLINE void __STLB(uint8_t value, volatile uint8_t *ptr)
ARM GAS  /tmp/ccgit7Ho.s 			page 38


 808:Drivers/CMSIS/Include/cmsis_gcc.h **** {
 809:Drivers/CMSIS/Include/cmsis_gcc.h ****    __ASM volatile ("stlb %1, %0" : "=Q" (*ptr) : "r" ((uint32_t)value) : "memory" );
 810:Drivers/CMSIS/Include/cmsis_gcc.h **** }
 811:Drivers/CMSIS/Include/cmsis_gcc.h **** 
 812:Drivers/CMSIS/Include/cmsis_gcc.h **** 
 813:Drivers/CMSIS/Include/cmsis_gcc.h **** /**
 814:Drivers/CMSIS/Include/cmsis_gcc.h ****   \brief   Store-Release (16 bit)
 815:Drivers/CMSIS/Include/cmsis_gcc.h ****   \details Executes a STLH instruction for 16 bit values.
 816:Drivers/CMSIS/Include/cmsis_gcc.h ****   \param [in]  value  Value to store
 817:Drivers/CMSIS/Include/cmsis_gcc.h ****   \param [in]    ptr  Pointer to location
 818:Drivers/CMSIS/Include/cmsis_gcc.h ****  */
 819:Drivers/CMSIS/Include/cmsis_gcc.h **** __STATIC_FORCEINLINE void __STLH(uint16_t value, volatile uint16_t *ptr)
 820:Drivers/CMSIS/Include/cmsis_gcc.h **** {
 821:Drivers/CMSIS/Include/cmsis_gcc.h ****    __ASM volatile ("stlh %1, %0" : "=Q" (*ptr) : "r" ((uint32_t)value) : "memory" );
 822:Drivers/CMSIS/Include/cmsis_gcc.h **** }
 823:Drivers/CMSIS/Include/cmsis_gcc.h **** 
 824:Drivers/CMSIS/Include/cmsis_gcc.h **** 
 825:Drivers/CMSIS/Include/cmsis_gcc.h **** /**
 826:Drivers/CMSIS/Include/cmsis_gcc.h ****   \brief   Store-Release (32 bit)
 827:Drivers/CMSIS/Include/cmsis_gcc.h ****   \details Executes a STL instruction for 32 bit values.
 828:Drivers/CMSIS/Include/cmsis_gcc.h ****   \param [in]  value  Value to store
 829:Drivers/CMSIS/Include/cmsis_gcc.h ****   \param [in]    ptr  Pointer to location
 830:Drivers/CMSIS/Include/cmsis_gcc.h ****  */
 831:Drivers/CMSIS/Include/cmsis_gcc.h **** __STATIC_FORCEINLINE void __STL(uint32_t value, volatile uint32_t *ptr)
 832:Drivers/CMSIS/Include/cmsis_gcc.h **** {
 833:Drivers/CMSIS/Include/cmsis_gcc.h ****    __ASM volatile ("stl %1, %0" : "=Q" (*ptr) : "r" ((uint32_t)value) : "memory" );
 834:Drivers/CMSIS/Include/cmsis_gcc.h **** }
 835:Drivers/CMSIS/Include/cmsis_gcc.h **** 
 836:Drivers/CMSIS/Include/cmsis_gcc.h **** 
 837:Drivers/CMSIS/Include/cmsis_gcc.h **** /**
 838:Drivers/CMSIS/Include/cmsis_gcc.h ****   \brief   Load-Acquire Exclusive (8 bit)
 839:Drivers/CMSIS/Include/cmsis_gcc.h ****   \details Executes a LDAB exclusive instruction for 8 bit value.
 840:Drivers/CMSIS/Include/cmsis_gcc.h ****   \param [in]    ptr  Pointer to data
 841:Drivers/CMSIS/Include/cmsis_gcc.h ****   \return             value of type uint8_t at (*ptr)
 842:Drivers/CMSIS/Include/cmsis_gcc.h ****  */
 843:Drivers/CMSIS/Include/cmsis_gcc.h **** __STATIC_FORCEINLINE uint8_t __LDAEXB(volatile uint8_t *ptr)
 844:Drivers/CMSIS/Include/cmsis_gcc.h **** {
 845:Drivers/CMSIS/Include/cmsis_gcc.h ****     uint32_t result;
 846:Drivers/CMSIS/Include/cmsis_gcc.h **** 
 847:Drivers/CMSIS/Include/cmsis_gcc.h ****    __ASM volatile ("ldaexb %0, %1" : "=r" (result) : "Q" (*ptr) : "memory" );
 848:Drivers/CMSIS/Include/cmsis_gcc.h ****    return ((uint8_t) result);
 849:Drivers/CMSIS/Include/cmsis_gcc.h **** }
 850:Drivers/CMSIS/Include/cmsis_gcc.h **** 
 851:Drivers/CMSIS/Include/cmsis_gcc.h **** 
 852:Drivers/CMSIS/Include/cmsis_gcc.h **** /**
 853:Drivers/CMSIS/Include/cmsis_gcc.h ****   \brief   Load-Acquire Exclusive (16 bit)
 854:Drivers/CMSIS/Include/cmsis_gcc.h ****   \details Executes a LDAH exclusive instruction for 16 bit values.
 855:Drivers/CMSIS/Include/cmsis_gcc.h ****   \param [in]    ptr  Pointer to data
 856:Drivers/CMSIS/Include/cmsis_gcc.h ****   \return        value of type uint16_t at (*ptr)
 857:Drivers/CMSIS/Include/cmsis_gcc.h ****  */
 858:Drivers/CMSIS/Include/cmsis_gcc.h **** __STATIC_FORCEINLINE uint16_t __LDAEXH(volatile uint16_t *ptr)
 859:Drivers/CMSIS/Include/cmsis_gcc.h **** {
 860:Drivers/CMSIS/Include/cmsis_gcc.h ****     uint32_t result;
 861:Drivers/CMSIS/Include/cmsis_gcc.h **** 
 862:Drivers/CMSIS/Include/cmsis_gcc.h ****    __ASM volatile ("ldaexh %0, %1" : "=r" (result) : "Q" (*ptr) : "memory" );
 863:Drivers/CMSIS/Include/cmsis_gcc.h ****    return ((uint16_t) result);
 864:Drivers/CMSIS/Include/cmsis_gcc.h **** }
ARM GAS  /tmp/ccgit7Ho.s 			page 39


 865:Drivers/CMSIS/Include/cmsis_gcc.h **** 
 866:Drivers/CMSIS/Include/cmsis_gcc.h **** 
 867:Drivers/CMSIS/Include/cmsis_gcc.h **** /**
 868:Drivers/CMSIS/Include/cmsis_gcc.h ****   \brief   Load-Acquire Exclusive (32 bit)
 869:Drivers/CMSIS/Include/cmsis_gcc.h ****   \details Executes a LDA exclusive instruction for 32 bit values.
 870:Drivers/CMSIS/Include/cmsis_gcc.h ****   \param [in]    ptr  Pointer to data
 871:Drivers/CMSIS/Include/cmsis_gcc.h ****   \return        value of type uint32_t at (*ptr)
 872:Drivers/CMSIS/Include/cmsis_gcc.h ****  */
 873:Drivers/CMSIS/Include/cmsis_gcc.h **** __STATIC_FORCEINLINE uint32_t __LDAEX(volatile uint32_t *ptr)
 874:Drivers/CMSIS/Include/cmsis_gcc.h **** {
 875:Drivers/CMSIS/Include/cmsis_gcc.h ****     uint32_t result;
 876:Drivers/CMSIS/Include/cmsis_gcc.h **** 
 877:Drivers/CMSIS/Include/cmsis_gcc.h ****    __ASM volatile ("ldaex %0, %1" : "=r" (result) : "Q" (*ptr) : "memory" );
 878:Drivers/CMSIS/Include/cmsis_gcc.h ****    return(result);
 879:Drivers/CMSIS/Include/cmsis_gcc.h **** }
 880:Drivers/CMSIS/Include/cmsis_gcc.h **** 
 881:Drivers/CMSIS/Include/cmsis_gcc.h **** 
 882:Drivers/CMSIS/Include/cmsis_gcc.h **** /**
 883:Drivers/CMSIS/Include/cmsis_gcc.h ****   \brief   Store-Release Exclusive (8 bit)
 884:Drivers/CMSIS/Include/cmsis_gcc.h ****   \details Executes a STLB exclusive instruction for 8 bit values.
 885:Drivers/CMSIS/Include/cmsis_gcc.h ****   \param [in]  value  Value to store
 886:Drivers/CMSIS/Include/cmsis_gcc.h ****   \param [in]    ptr  Pointer to location
 887:Drivers/CMSIS/Include/cmsis_gcc.h ****   \return          0  Function succeeded
 888:Drivers/CMSIS/Include/cmsis_gcc.h ****   \return          1  Function failed
 889:Drivers/CMSIS/Include/cmsis_gcc.h ****  */
 890:Drivers/CMSIS/Include/cmsis_gcc.h **** __STATIC_FORCEINLINE uint32_t __STLEXB(uint8_t value, volatile uint8_t *ptr)
 891:Drivers/CMSIS/Include/cmsis_gcc.h **** {
 892:Drivers/CMSIS/Include/cmsis_gcc.h ****    uint32_t result;
 893:Drivers/CMSIS/Include/cmsis_gcc.h **** 
 894:Drivers/CMSIS/Include/cmsis_gcc.h ****    __ASM volatile ("stlexb %0, %2, %1" : "=&r" (result), "=Q" (*ptr) : "r" ((uint32_t)value) : "mem
 895:Drivers/CMSIS/Include/cmsis_gcc.h ****    return(result);
 896:Drivers/CMSIS/Include/cmsis_gcc.h **** }
 897:Drivers/CMSIS/Include/cmsis_gcc.h **** 
 898:Drivers/CMSIS/Include/cmsis_gcc.h **** 
 899:Drivers/CMSIS/Include/cmsis_gcc.h **** /**
 900:Drivers/CMSIS/Include/cmsis_gcc.h ****   \brief   Store-Release Exclusive (16 bit)
 901:Drivers/CMSIS/Include/cmsis_gcc.h ****   \details Executes a STLH exclusive instruction for 16 bit values.
 902:Drivers/CMSIS/Include/cmsis_gcc.h ****   \param [in]  value  Value to store
 903:Drivers/CMSIS/Include/cmsis_gcc.h ****   \param [in]    ptr  Pointer to location
 904:Drivers/CMSIS/Include/cmsis_gcc.h ****   \return          0  Function succeeded
 905:Drivers/CMSIS/Include/cmsis_gcc.h ****   \return          1  Function failed
 906:Drivers/CMSIS/Include/cmsis_gcc.h ****  */
 907:Drivers/CMSIS/Include/cmsis_gcc.h **** __STATIC_FORCEINLINE uint32_t __STLEXH(uint16_t value, volatile uint16_t *ptr)
 908:Drivers/CMSIS/Include/cmsis_gcc.h **** {
 909:Drivers/CMSIS/Include/cmsis_gcc.h ****    uint32_t result;
 910:Drivers/CMSIS/Include/cmsis_gcc.h **** 
 911:Drivers/CMSIS/Include/cmsis_gcc.h ****    __ASM volatile ("stlexh %0, %2, %1" : "=&r" (result), "=Q" (*ptr) : "r" ((uint32_t)value) : "mem
 912:Drivers/CMSIS/Include/cmsis_gcc.h ****    return(result);
 913:Drivers/CMSIS/Include/cmsis_gcc.h **** }
 914:Drivers/CMSIS/Include/cmsis_gcc.h **** 
 915:Drivers/CMSIS/Include/cmsis_gcc.h **** 
 916:Drivers/CMSIS/Include/cmsis_gcc.h **** /**
 917:Drivers/CMSIS/Include/cmsis_gcc.h ****   \brief   Store-Release Exclusive (32 bit)
 918:Drivers/CMSIS/Include/cmsis_gcc.h ****   \details Executes a STL exclusive instruction for 32 bit values.
 919:Drivers/CMSIS/Include/cmsis_gcc.h ****   \param [in]  value  Value to store
 920:Drivers/CMSIS/Include/cmsis_gcc.h ****   \param [in]    ptr  Pointer to location
 921:Drivers/CMSIS/Include/cmsis_gcc.h ****   \return          0  Function succeeded
ARM GAS  /tmp/ccgit7Ho.s 			page 40


 922:Drivers/CMSIS/Include/cmsis_gcc.h ****   \return          1  Function failed
 923:Drivers/CMSIS/Include/cmsis_gcc.h ****  */
 924:Drivers/CMSIS/Include/cmsis_gcc.h **** __STATIC_FORCEINLINE uint32_t __STLEX(uint32_t value, volatile uint32_t *ptr)
 925:Drivers/CMSIS/Include/cmsis_gcc.h **** {
 926:Drivers/CMSIS/Include/cmsis_gcc.h ****    uint32_t result;
 927:Drivers/CMSIS/Include/cmsis_gcc.h **** 
 928:Drivers/CMSIS/Include/cmsis_gcc.h ****    __ASM volatile ("stlex %0, %2, %1" : "=&r" (result), "=Q" (*ptr) : "r" ((uint32_t)value) : "memo
 929:Drivers/CMSIS/Include/cmsis_gcc.h ****    return(result);
 930:Drivers/CMSIS/Include/cmsis_gcc.h **** }
 931:Drivers/CMSIS/Include/cmsis_gcc.h **** 
 932:Drivers/CMSIS/Include/cmsis_gcc.h **** #endif /* ((defined (__ARM_ARCH_8M_MAIN__ ) && (__ARM_ARCH_8M_MAIN__ == 1)) || \
 933:Drivers/CMSIS/Include/cmsis_gcc.h ****            (defined (__ARM_ARCH_8M_BASE__ ) && (__ARM_ARCH_8M_BASE__ == 1))    ) */
 934:Drivers/CMSIS/Include/cmsis_gcc.h **** 
 935:Drivers/CMSIS/Include/cmsis_gcc.h **** /*@}*/ /* end of group CMSIS_Core_InstructionInterface */
 936:Drivers/CMSIS/Include/cmsis_gcc.h **** 
 937:Drivers/CMSIS/Include/cmsis_gcc.h **** 
 938:Drivers/CMSIS/Include/cmsis_gcc.h **** /* ###########################  Core Function Access  ########################### */
 939:Drivers/CMSIS/Include/cmsis_gcc.h **** /** \ingroup  CMSIS_Core_FunctionInterface
 940:Drivers/CMSIS/Include/cmsis_gcc.h ****     \defgroup CMSIS_Core_RegAccFunctions CMSIS Core Register Access Functions
 941:Drivers/CMSIS/Include/cmsis_gcc.h ****   @{
 942:Drivers/CMSIS/Include/cmsis_gcc.h ****  */
 943:Drivers/CMSIS/Include/cmsis_gcc.h **** 
 944:Drivers/CMSIS/Include/cmsis_gcc.h **** /**
 945:Drivers/CMSIS/Include/cmsis_gcc.h ****   \brief   Enable IRQ Interrupts
 946:Drivers/CMSIS/Include/cmsis_gcc.h ****   \details Enables IRQ interrupts by clearing special-purpose register PRIMASK.
 947:Drivers/CMSIS/Include/cmsis_gcc.h ****            Can only be executed in Privileged modes.
 948:Drivers/CMSIS/Include/cmsis_gcc.h ****  */
 949:Drivers/CMSIS/Include/cmsis_gcc.h **** __STATIC_FORCEINLINE void __enable_irq(void)
 950:Drivers/CMSIS/Include/cmsis_gcc.h **** {
 951:Drivers/CMSIS/Include/cmsis_gcc.h ****   __ASM volatile ("cpsie i" : : : "memory");
 952:Drivers/CMSIS/Include/cmsis_gcc.h **** }
 953:Drivers/CMSIS/Include/cmsis_gcc.h **** 
 954:Drivers/CMSIS/Include/cmsis_gcc.h **** 
 955:Drivers/CMSIS/Include/cmsis_gcc.h **** /**
 956:Drivers/CMSIS/Include/cmsis_gcc.h ****   \brief   Disable IRQ Interrupts
 957:Drivers/CMSIS/Include/cmsis_gcc.h ****   \details Disables IRQ interrupts by setting special-purpose register PRIMASK.
 958:Drivers/CMSIS/Include/cmsis_gcc.h ****            Can only be executed in Privileged modes.
 959:Drivers/CMSIS/Include/cmsis_gcc.h ****  */
 960:Drivers/CMSIS/Include/cmsis_gcc.h **** __STATIC_FORCEINLINE void __disable_irq(void)
 795              		.loc 2 960 27 view .LVU139
 796              	.LBB8:
 961:Drivers/CMSIS/Include/cmsis_gcc.h **** {
 962:Drivers/CMSIS/Include/cmsis_gcc.h ****   __ASM volatile ("cpsid i" : : : "memory");
 797              		.loc 2 962 3 view .LVU140
 798              		.syntax unified
 799              	@ 962 "Drivers/CMSIS/Include/cmsis_gcc.h" 1
 800 0000 72B6     		cpsid i
 801              	@ 0 "" 2
 802              		.thumb
 803              		.syntax unified
 804              	.L46:
 805              	.LBE8:
 806              	.LBE7:
 477:Core/Src/main.c ****   while (1)
 807              		.loc 1 477 3 discriminator 1 view .LVU141
 478:Core/Src/main.c ****   {
 479:Core/Src/main.c ****   }
ARM GAS  /tmp/ccgit7Ho.s 			page 41


 808              		.loc 1 479 3 discriminator 1 view .LVU142
 477:Core/Src/main.c ****   while (1)
 809              		.loc 1 477 9 discriminator 1 view .LVU143
 810 0002 FEE7     		b	.L46
 811              		.cfi_endproc
 812              	.LFE146:
 814              		.section	.text.SystemClock_Config,"ax",%progbits
 815              		.align	1
 816              		.global	SystemClock_Config
 817              		.syntax unified
 818              		.thumb
 819              		.thumb_func
 820              		.fpu fpv4-sp-d16
 822              	SystemClock_Config:
 823              	.LFB139:
 201:Core/Src/main.c ****   RCC_OscInitTypeDef RCC_OscInitStruct = {0};
 824              		.loc 1 201 1 view -0
 825              		.cfi_startproc
 826              		@ args = 0, pretend = 0, frame = 80
 827              		@ frame_needed = 0, uses_anonymous_args = 0
 828 0000 00B5     		push	{lr}
 829              	.LCFI7:
 830              		.cfi_def_cfa_offset 4
 831              		.cfi_offset 14, -4
 832 0002 95B0     		sub	sp, sp, #84
 833              	.LCFI8:
 834              		.cfi_def_cfa_offset 88
 202:Core/Src/main.c ****   RCC_ClkInitTypeDef RCC_ClkInitStruct = {0};
 835              		.loc 1 202 3 view .LVU145
 202:Core/Src/main.c ****   RCC_ClkInitTypeDef RCC_ClkInitStruct = {0};
 836              		.loc 1 202 22 is_stmt 0 view .LVU146
 837 0004 3022     		movs	r2, #48
 838 0006 0021     		movs	r1, #0
 839 0008 08A8     		add	r0, sp, #32
 840 000a FFF7FEFF 		bl	memset
 841              	.LVL74:
 203:Core/Src/main.c **** 
 842              		.loc 1 203 3 is_stmt 1 view .LVU147
 203:Core/Src/main.c **** 
 843              		.loc 1 203 22 is_stmt 0 view .LVU148
 844 000e 0023     		movs	r3, #0
 845 0010 0393     		str	r3, [sp, #12]
 846 0012 0493     		str	r3, [sp, #16]
 847 0014 0593     		str	r3, [sp, #20]
 848 0016 0693     		str	r3, [sp, #24]
 849 0018 0793     		str	r3, [sp, #28]
 207:Core/Src/main.c ****   __HAL_PWR_VOLTAGESCALING_CONFIG(PWR_REGULATOR_VOLTAGE_SCALE1);
 850              		.loc 1 207 3 is_stmt 1 view .LVU149
 851              	.LBB9:
 207:Core/Src/main.c ****   __HAL_PWR_VOLTAGESCALING_CONFIG(PWR_REGULATOR_VOLTAGE_SCALE1);
 852              		.loc 1 207 3 view .LVU150
 853 001a 0193     		str	r3, [sp, #4]
 207:Core/Src/main.c ****   __HAL_PWR_VOLTAGESCALING_CONFIG(PWR_REGULATOR_VOLTAGE_SCALE1);
 854              		.loc 1 207 3 view .LVU151
 855 001c 204A     		ldr	r2, .L53
 856 001e 116C     		ldr	r1, [r2, #64]
 857 0020 41F08051 		orr	r1, r1, #268435456
ARM GAS  /tmp/ccgit7Ho.s 			page 42


 858 0024 1164     		str	r1, [r2, #64]
 207:Core/Src/main.c ****   __HAL_PWR_VOLTAGESCALING_CONFIG(PWR_REGULATOR_VOLTAGE_SCALE1);
 859              		.loc 1 207 3 view .LVU152
 860 0026 126C     		ldr	r2, [r2, #64]
 861 0028 02F08052 		and	r2, r2, #268435456
 862 002c 0192     		str	r2, [sp, #4]
 207:Core/Src/main.c ****   __HAL_PWR_VOLTAGESCALING_CONFIG(PWR_REGULATOR_VOLTAGE_SCALE1);
 863              		.loc 1 207 3 view .LVU153
 864 002e 019A     		ldr	r2, [sp, #4]
 865              	.LBE9:
 207:Core/Src/main.c ****   __HAL_PWR_VOLTAGESCALING_CONFIG(PWR_REGULATOR_VOLTAGE_SCALE1);
 866              		.loc 1 207 3 view .LVU154
 208:Core/Src/main.c **** 
 867              		.loc 1 208 3 view .LVU155
 868              	.LBB10:
 208:Core/Src/main.c **** 
 869              		.loc 1 208 3 view .LVU156
 870 0030 0293     		str	r3, [sp, #8]
 208:Core/Src/main.c **** 
 871              		.loc 1 208 3 view .LVU157
 872 0032 1C4B     		ldr	r3, .L53+4
 873 0034 1A68     		ldr	r2, [r3]
 874 0036 42F48042 		orr	r2, r2, #16384
 875 003a 1A60     		str	r2, [r3]
 208:Core/Src/main.c **** 
 876              		.loc 1 208 3 view .LVU158
 877 003c 1B68     		ldr	r3, [r3]
 878 003e 03F48043 		and	r3, r3, #16384
 879 0042 0293     		str	r3, [sp, #8]
 208:Core/Src/main.c **** 
 880              		.loc 1 208 3 view .LVU159
 881 0044 029B     		ldr	r3, [sp, #8]
 882              	.LBE10:
 208:Core/Src/main.c **** 
 883              		.loc 1 208 3 view .LVU160
 213:Core/Src/main.c ****   RCC_OscInitStruct.HSEState = RCC_HSE_ON;
 884              		.loc 1 213 3 view .LVU161
 213:Core/Src/main.c ****   RCC_OscInitStruct.HSEState = RCC_HSE_ON;
 885              		.loc 1 213 36 is_stmt 0 view .LVU162
 886 0046 0123     		movs	r3, #1
 887 0048 0893     		str	r3, [sp, #32]
 214:Core/Src/main.c ****   RCC_OscInitStruct.PLL.PLLState = RCC_PLL_ON;
 888              		.loc 1 214 3 is_stmt 1 view .LVU163
 214:Core/Src/main.c ****   RCC_OscInitStruct.PLL.PLLState = RCC_PLL_ON;
 889              		.loc 1 214 30 is_stmt 0 view .LVU164
 890 004a 4FF48033 		mov	r3, #65536
 891 004e 0993     		str	r3, [sp, #36]
 215:Core/Src/main.c ****   RCC_OscInitStruct.PLL.PLLSource = RCC_PLLSOURCE_HSE;
 892              		.loc 1 215 3 is_stmt 1 view .LVU165
 215:Core/Src/main.c ****   RCC_OscInitStruct.PLL.PLLSource = RCC_PLLSOURCE_HSE;
 893              		.loc 1 215 34 is_stmt 0 view .LVU166
 894 0050 0223     		movs	r3, #2
 895 0052 0E93     		str	r3, [sp, #56]
 216:Core/Src/main.c ****   RCC_OscInitStruct.PLL.PLLM = 10;
 896              		.loc 1 216 3 is_stmt 1 view .LVU167
 216:Core/Src/main.c ****   RCC_OscInitStruct.PLL.PLLM = 10;
 897              		.loc 1 216 35 is_stmt 0 view .LVU168
ARM GAS  /tmp/ccgit7Ho.s 			page 43


 898 0054 4FF48002 		mov	r2, #4194304
 899 0058 0F92     		str	r2, [sp, #60]
 217:Core/Src/main.c ****   RCC_OscInitStruct.PLL.PLLN = 168;
 900              		.loc 1 217 3 is_stmt 1 view .LVU169
 217:Core/Src/main.c ****   RCC_OscInitStruct.PLL.PLLN = 168;
 901              		.loc 1 217 30 is_stmt 0 view .LVU170
 902 005a 0A22     		movs	r2, #10
 903 005c 1092     		str	r2, [sp, #64]
 218:Core/Src/main.c ****   RCC_OscInitStruct.PLL.PLLP = RCC_PLLP_DIV2;
 904              		.loc 1 218 3 is_stmt 1 view .LVU171
 218:Core/Src/main.c ****   RCC_OscInitStruct.PLL.PLLP = RCC_PLLP_DIV2;
 905              		.loc 1 218 30 is_stmt 0 view .LVU172
 906 005e A822     		movs	r2, #168
 907 0060 1192     		str	r2, [sp, #68]
 219:Core/Src/main.c ****   RCC_OscInitStruct.PLL.PLLQ = 4;
 908              		.loc 1 219 3 is_stmt 1 view .LVU173
 219:Core/Src/main.c ****   RCC_OscInitStruct.PLL.PLLQ = 4;
 909              		.loc 1 219 30 is_stmt 0 view .LVU174
 910 0062 1293     		str	r3, [sp, #72]
 220:Core/Src/main.c ****   if (HAL_RCC_OscConfig(&RCC_OscInitStruct) != HAL_OK)
 911              		.loc 1 220 3 is_stmt 1 view .LVU175
 220:Core/Src/main.c ****   if (HAL_RCC_OscConfig(&RCC_OscInitStruct) != HAL_OK)
 912              		.loc 1 220 30 is_stmt 0 view .LVU176
 913 0064 0423     		movs	r3, #4
 914 0066 1393     		str	r3, [sp, #76]
 221:Core/Src/main.c ****   {
 915              		.loc 1 221 3 is_stmt 1 view .LVU177
 221:Core/Src/main.c ****   {
 916              		.loc 1 221 7 is_stmt 0 view .LVU178
 917 0068 08A8     		add	r0, sp, #32
 918 006a FFF7FEFF 		bl	HAL_RCC_OscConfig
 919              	.LVL75:
 221:Core/Src/main.c ****   {
 920              		.loc 1 221 6 view .LVU179
 921 006e 98B9     		cbnz	r0, .L51
 228:Core/Src/main.c ****                               |RCC_CLOCKTYPE_PCLK1|RCC_CLOCKTYPE_PCLK2;
 922              		.loc 1 228 3 is_stmt 1 view .LVU180
 228:Core/Src/main.c ****                               |RCC_CLOCKTYPE_PCLK1|RCC_CLOCKTYPE_PCLK2;
 923              		.loc 1 228 31 is_stmt 0 view .LVU181
 924 0070 0F23     		movs	r3, #15
 925 0072 0393     		str	r3, [sp, #12]
 230:Core/Src/main.c ****   RCC_ClkInitStruct.AHBCLKDivider = RCC_SYSCLK_DIV1;
 926              		.loc 1 230 3 is_stmt 1 view .LVU182
 230:Core/Src/main.c ****   RCC_ClkInitStruct.AHBCLKDivider = RCC_SYSCLK_DIV1;
 927              		.loc 1 230 34 is_stmt 0 view .LVU183
 928 0074 0223     		movs	r3, #2
 929 0076 0493     		str	r3, [sp, #16]
 231:Core/Src/main.c ****   RCC_ClkInitStruct.APB1CLKDivider = RCC_HCLK_DIV4;
 930              		.loc 1 231 3 is_stmt 1 view .LVU184
 231:Core/Src/main.c ****   RCC_ClkInitStruct.APB1CLKDivider = RCC_HCLK_DIV4;
 931              		.loc 1 231 35 is_stmt 0 view .LVU185
 932 0078 0023     		movs	r3, #0
 933 007a 0593     		str	r3, [sp, #20]
 232:Core/Src/main.c ****   RCC_ClkInitStruct.APB2CLKDivider = RCC_HCLK_DIV2;
 934              		.loc 1 232 3 is_stmt 1 view .LVU186
 232:Core/Src/main.c ****   RCC_ClkInitStruct.APB2CLKDivider = RCC_HCLK_DIV2;
 935              		.loc 1 232 36 is_stmt 0 view .LVU187
ARM GAS  /tmp/ccgit7Ho.s 			page 44


 936 007c 4FF4A053 		mov	r3, #5120
 937 0080 0693     		str	r3, [sp, #24]
 233:Core/Src/main.c **** 
 938              		.loc 1 233 3 is_stmt 1 view .LVU188
 233:Core/Src/main.c **** 
 939              		.loc 1 233 36 is_stmt 0 view .LVU189
 940 0082 4FF48053 		mov	r3, #4096
 941 0086 0793     		str	r3, [sp, #28]
 235:Core/Src/main.c ****   {
 942              		.loc 1 235 3 is_stmt 1 view .LVU190
 235:Core/Src/main.c ****   {
 943              		.loc 1 235 7 is_stmt 0 view .LVU191
 944 0088 0521     		movs	r1, #5
 945 008a 03A8     		add	r0, sp, #12
 946 008c FFF7FEFF 		bl	HAL_RCC_ClockConfig
 947              	.LVL76:
 235:Core/Src/main.c ****   {
 948              		.loc 1 235 6 view .LVU192
 949 0090 20B9     		cbnz	r0, .L52
 239:Core/Src/main.c **** 
 950              		.loc 1 239 1 view .LVU193
 951 0092 15B0     		add	sp, sp, #84
 952              	.LCFI9:
 953              		.cfi_remember_state
 954              		.cfi_def_cfa_offset 4
 955              		@ sp needed
 956 0094 5DF804FB 		ldr	pc, [sp], #4
 957              	.L51:
 958              	.LCFI10:
 959              		.cfi_restore_state
 223:Core/Src/main.c ****   }
 960              		.loc 1 223 5 is_stmt 1 view .LVU194
 961 0098 FFF7FEFF 		bl	Error_Handler
 962              	.LVL77:
 963              	.L52:
 237:Core/Src/main.c ****   }
 964              		.loc 1 237 5 view .LVU195
 965 009c FFF7FEFF 		bl	Error_Handler
 966              	.LVL78:
 967              	.L54:
 968              		.align	2
 969              	.L53:
 970 00a0 00380240 		.word	1073887232
 971 00a4 00700040 		.word	1073770496
 972              		.cfi_endproc
 973              	.LFE139:
 975              		.section	.text.main,"ax",%progbits
 976              		.align	1
 977              		.global	main
 978              		.syntax unified
 979              		.thumb
 980              		.thumb_func
 981              		.fpu fpv4-sp-d16
 983              	main:
 984              	.LFB138:
 114:Core/Src/main.c **** 
 985              		.loc 1 114 1 view -0
ARM GAS  /tmp/ccgit7Ho.s 			page 45


 986              		.cfi_startproc
 987              		@ Volatile: function does not return.
 988              		@ args = 0, pretend = 0, frame = 0
 989              		@ frame_needed = 0, uses_anonymous_args = 0
 990 0000 08B5     		push	{r3, lr}
 991              	.LCFI11:
 992              		.cfi_def_cfa_offset 8
 993              		.cfi_offset 3, -8
 994              		.cfi_offset 14, -4
 123:Core/Src/main.c **** 
 995              		.loc 1 123 3 view .LVU197
 996 0002 FFF7FEFF 		bl	HAL_Init
 997              	.LVL79:
 130:Core/Src/main.c **** 
 998              		.loc 1 130 3 view .LVU198
 999 0006 FFF7FEFF 		bl	SystemClock_Config
 1000              	.LVL80:
 137:Core/Src/main.c ****   MX_CAN2_Init();
 1001              		.loc 1 137 3 view .LVU199
 1002 000a FFF7FEFF 		bl	MX_GPIO_Init
 1003              	.LVL81:
 138:Core/Src/main.c ****   /* USER CODE BEGIN 2 */
 1004              		.loc 1 138 3 view .LVU200
 1005 000e FFF7FEFF 		bl	MX_CAN2_Init
 1006              	.LVL82:
 142:Core/Src/main.c ****   can_tx_init(&can_tx);
 1007              		.loc 1 142 3 view .LVU201
 1008 0012 1048     		ldr	r0, .L58
 1009 0014 FFF7FEFF 		bl	can_rx_init
 1010              	.LVL83:
 143:Core/Src/main.c ****   HAL_CAN_Start(&hcan2);
 1011              		.loc 1 143 3 view .LVU202
 1012 0018 0F48     		ldr	r0, .L58+4
 1013 001a FFF7FEFF 		bl	can_tx_init
 1014              	.LVL84:
 144:Core/Src/main.c ****   HAL_CAN_ActivateNotification(&hcan2, CAN_IT_RX_FIFO0_MSG_PENDING);
 1015              		.loc 1 144 3 view .LVU203
 1016 001e 0F4C     		ldr	r4, .L58+8
 1017 0020 2046     		mov	r0, r4
 1018 0022 FFF7FEFF 		bl	HAL_CAN_Start
 1019              	.LVL85:
 145:Core/Src/main.c **** 	
 1020              		.loc 1 145 3 view .LVU204
 1021 0026 0221     		movs	r1, #2
 1022 0028 2046     		mov	r0, r4
 1023 002a FFF7FEFF 		bl	HAL_CAN_ActivateNotification
 1024              	.LVL86:
 150:Core/Src/main.c **** 
 1025              		.loc 1 150 3 view .LVU205
 1026 002e FFF7FEFF 		bl	osKernelInitialize
 1027              	.LVL87:
 170:Core/Src/main.c ****   Task1Handle = osThreadNew(Task1, NULL, &Task1_attributes);
 1028              		.loc 1 170 3 view .LVU206
 170:Core/Src/main.c ****   Task1Handle = osThreadNew(Task1, NULL, &Task1_attributes);
 1029              		.loc 1 170 23 is_stmt 0 view .LVU207
 1030 0032 0B4A     		ldr	r2, .L58+12
 1031 0034 0021     		movs	r1, #0
ARM GAS  /tmp/ccgit7Ho.s 			page 46


 1032 0036 0B48     		ldr	r0, .L58+16
 1033 0038 FFF7FEFF 		bl	osThreadNew
 1034              	.LVL88:
 170:Core/Src/main.c ****   Task1Handle = osThreadNew(Task1, NULL, &Task1_attributes);
 1035              		.loc 1 170 21 view .LVU208
 1036 003c 0A4B     		ldr	r3, .L58+20
 1037 003e 1860     		str	r0, [r3]
 171:Core/Src/main.c ****   /* USER CODE BEGIN RTOS_THREADS */
 1038              		.loc 1 171 3 is_stmt 1 view .LVU209
 171:Core/Src/main.c ****   /* USER CODE BEGIN RTOS_THREADS */
 1039              		.loc 1 171 17 is_stmt 0 view .LVU210
 1040 0040 0A4A     		ldr	r2, .L58+24
 1041 0042 0021     		movs	r1, #0
 1042 0044 0A48     		ldr	r0, .L58+28
 1043 0046 FFF7FEFF 		bl	osThreadNew
 1044              	.LVL89:
 171:Core/Src/main.c ****   /* USER CODE BEGIN RTOS_THREADS */
 1045              		.loc 1 171 15 view .LVU211
 1046 004a 0A4B     		ldr	r3, .L58+32
 1047 004c 1860     		str	r0, [r3]
 181:Core/Src/main.c **** 
 1048              		.loc 1 181 3 is_stmt 1 view .LVU212
 1049 004e FFF7FEFF 		bl	osKernelStart
 1050              	.LVL90:
 1051              	.L56:
 187:Core/Src/main.c ****   {
 1052              		.loc 1 187 3 discriminator 1 view .LVU213
 192:Core/Src/main.c ****   /* USER CODE END 3 */
 1053              		.loc 1 192 3 discriminator 1 view .LVU214
 187:Core/Src/main.c ****   {
 1054              		.loc 1 187 9 discriminator 1 view .LVU215
 1055 0052 FEE7     		b	.L56
 1056              	.L59:
 1057              		.align	2
 1058              	.L58:
 1059 0054 00000000 		.word	.LANCHOR10
 1060 0058 00000000 		.word	.LANCHOR1
 1061 005c 00000000 		.word	.LANCHOR2
 1062 0060 00000000 		.word	.LANCHOR11
 1063 0064 00000000 		.word	StartDefaultTask
 1064 0068 00000000 		.word	.LANCHOR12
 1065 006c 00000000 		.word	.LANCHOR13
 1066 0070 00000000 		.word	Task1
 1067 0074 00000000 		.word	.LANCHOR14
 1068              		.cfi_endproc
 1069              	.LFE138:
 1071              		.global	direction
 1072              		.global	min_pos
 1073              		.global	max_pos
 1074              		.global	current_pos
 1075              		.global	speed
 1076              		.global	dt
 1077              		.global	f
 1078              		.global	anpha
 1079              		.global	motorID_5
 1080              		.global	motorID_4
 1081              		.global	motorID_3
ARM GAS  /tmp/ccgit7Ho.s 			page 47


 1082              		.global	motorID_2
 1083              		.global	motorID_1
 1084              		.global	joint_state
 1085              		.global	joint_cmd
 1086              		.global	can_rx
 1087              		.global	can_tx
 1088              		.global	Task1_attributes
 1089              		.section	.rodata.str1.4,"aMS",%progbits,1
 1090              		.align	2
 1091              	.LC0:
 1092 0000 5461736B 		.ascii	"Task1\000"
 1092      3100
 1093              		.global	Task1Handle
 1094              		.global	defaultTask_attributes
 1095 0006 0000     		.align	2
 1096              	.LC1:
 1097 0008 64656661 		.ascii	"defaultTask\000"
 1097      756C7454 
 1097      61736B00 
 1098              		.global	defaultTaskHandle
 1099              		.global	hcan2
 1100              		.section	.bss.Task1Handle,"aw",%nobits
 1101              		.align	2
 1102              		.set	.LANCHOR14,. + 0
 1105              	Task1Handle:
 1106 0000 00000000 		.space	4
 1107              		.section	.bss.anpha,"aw",%nobits
 1108              		.align	2
 1109              		.set	.LANCHOR9,. + 0
 1112              	anpha:
 1113 0000 00000000 		.space	4
 1114              		.section	.bss.can_rx,"aw",%nobits
 1115              		.align	2
 1116              		.set	.LANCHOR10,. + 0
 1119              	can_rx:
 1120 0000 00000000 		.space	76
 1120      00000000 
 1120      00000000 
 1120      00000000 
 1120      00000000 
 1121              		.section	.bss.can_tx,"aw",%nobits
 1122              		.align	2
 1123              		.set	.LANCHOR1,. + 0
 1126              	can_tx:
 1127 0000 00000000 		.space	32
 1127      00000000 
 1127      00000000 
 1127      00000000 
 1127      00000000 
 1128              		.section	.bss.current_pos,"aw",%nobits
 1129              		.align	2
 1132              	current_pos:
 1133 0000 00000000 		.space	4
 1134              		.section	.bss.defaultTaskHandle,"aw",%nobits
 1135              		.align	2
 1136              		.set	.LANCHOR12,. + 0
 1139              	defaultTaskHandle:
ARM GAS  /tmp/ccgit7Ho.s 			page 48


 1140 0000 00000000 		.space	4
 1141              		.section	.bss.hcan2,"aw",%nobits
 1142              		.align	2
 1143              		.set	.LANCHOR2,. + 0
 1146              	hcan2:
 1147 0000 00000000 		.space	40
 1147      00000000 
 1147      00000000 
 1147      00000000 
 1147      00000000 
 1148              		.section	.bss.joint_cmd,"aw",%nobits
 1149              		.align	2
 1152              	joint_cmd:
 1153 0000 00000000 		.space	24
 1153      00000000 
 1153      00000000 
 1153      00000000 
 1153      00000000 
 1154              		.section	.bss.joint_state,"aw",%nobits
 1155              		.align	2
 1158              	joint_state:
 1159 0000 00000000 		.space	20
 1159      00000000 
 1159      00000000 
 1159      00000000 
 1159      00000000 
 1160              		.section	.bss.motorID_1,"aw",%nobits
 1161              		.align	3
 1162              		.set	.LANCHOR0,. + 0
 1165              	motorID_1:
 1166 0000 00000000 		.space	80
 1166      00000000 
 1166      00000000 
 1166      00000000 
 1166      00000000 
 1167              		.section	.bss.motorID_2,"aw",%nobits
 1168              		.align	3
 1169              		.set	.LANCHOR3,. + 0
 1172              	motorID_2:
 1173 0000 00000000 		.space	80
 1173      00000000 
 1173      00000000 
 1173      00000000 
 1173      00000000 
 1174              		.section	.bss.motorID_3,"aw",%nobits
 1175              		.align	3
 1176              		.set	.LANCHOR4,. + 0
 1179              	motorID_3:
 1180 0000 00000000 		.space	80
 1180      00000000 
 1180      00000000 
 1180      00000000 
 1180      00000000 
 1181              		.section	.bss.motorID_4,"aw",%nobits
 1182              		.align	3
 1183              		.set	.LANCHOR5,. + 0
 1186              	motorID_4:
ARM GAS  /tmp/ccgit7Ho.s 			page 49


 1187 0000 00000000 		.space	80
 1187      00000000 
 1187      00000000 
 1187      00000000 
 1187      00000000 
 1188              		.section	.bss.motorID_5,"aw",%nobits
 1189              		.align	3
 1190              		.set	.LANCHOR6,. + 0
 1193              	motorID_5:
 1194 0000 00000000 		.space	80
 1194      00000000 
 1194      00000000 
 1194      00000000 
 1194      00000000 
 1195              		.section	.data.direction,"aw"
 1198              	direction:
 1199 0000 01       		.byte	1
 1200              		.section	.data.dt,"aw"
 1201              		.align	2
 1202              		.set	.LANCHOR8,. + 0
 1205              	dt:
 1206 0000 0AD7A33B 		.word	1000593162
 1207              		.section	.data.f,"aw"
 1208              		.align	2
 1209              		.set	.LANCHOR7,. + 0
 1212              	f:
 1213 0000 0000803F 		.word	1065353216
 1214              		.section	.data.max_pos,"aw"
 1215              		.align	2
 1218              	max_pos:
 1219 0000 0080BB44 		.word	1153138688
 1220              		.section	.data.min_pos,"aw"
 1221              		.align	2
 1224              	min_pos:
 1225 0000 0080BBC4 		.word	-994344960
 1226              		.section	.data.speed,"aw"
 1227              		.align	2
 1230              	speed:
 1231 0000 00401C46 		.word	1176256512
 1232              		.section	.rodata.Task1_attributes,"a"
 1233              		.align	2
 1234              		.set	.LANCHOR13,. + 0
 1237              	Task1_attributes:
 1238 0000 00000000 		.word	.LC0
 1239 0004 00000000 		.space	16
 1239      00000000 
 1239      00000000 
 1239      00000000 
 1240 0014 00040000 		.word	1024
 1241 0018 18000000 		.word	24
 1242 001c 00000000 		.space	8
 1242      00000000 
 1243              		.section	.rodata.defaultTask_attributes,"a"
 1244              		.align	2
 1245              		.set	.LANCHOR11,. + 0
 1248              	defaultTask_attributes:
 1249 0000 08000000 		.word	.LC1
ARM GAS  /tmp/ccgit7Ho.s 			page 50


 1250 0004 00000000 		.space	16
 1250      00000000 
 1250      00000000 
 1250      00000000 
 1251 0014 00040000 		.word	1024
 1252 0018 18000000 		.word	24
 1253 001c 00000000 		.space	8
 1253      00000000 
 1254              		.text
 1255              	.Letext0:
 1256              		.file 3 "/usr/lib/gcc/arm-none-eabi/10.3.1/include/stdint.h"
 1257              		.file 4 "Drivers/CMSIS/Device/ST/STM32F4xx/Include/stm32f405xx.h"
 1258              		.file 5 "Drivers/CMSIS/Device/ST/STM32F4xx/Include/stm32f4xx.h"
 1259              		.file 6 "Drivers/STM32F4xx_HAL_Driver/Inc/stm32f4xx_hal_def.h"
 1260              		.file 7 "Drivers/STM32F4xx_HAL_Driver/Inc/stm32f4xx_hal_rcc_ex.h"
 1261              		.file 8 "Drivers/STM32F4xx_HAL_Driver/Inc/stm32f4xx_hal_rcc.h"
 1262              		.file 9 "Drivers/STM32F4xx_HAL_Driver/Inc/stm32f4xx_hal_dma.h"
 1263              		.file 10 "Drivers/STM32F4xx_HAL_Driver/Inc/stm32f4xx_hal_can.h"
 1264              		.file 11 "Drivers/STM32F4xx_HAL_Driver/Inc/stm32f4xx_hal_tim.h"
 1265              		.file 12 "Middlewares/Third_Party/FreeRTOS/Source/CMSIS_RTOS_V2/cmsis_os2.h"
 1266              		.file 13 "Core/Inc/can.h"
 1267              		.file 14 "Drivers/STM32F4xx_HAL_Driver/Inc/stm32f4xx_hal.h"
 1268              		.file 15 "/usr/include/newlib/math.h"
 1269              		.file 16 "<built-in>"
ARM GAS  /tmp/ccgit7Ho.s 			page 51


DEFINED SYMBOLS
                            *ABS*:0000000000000000 main.c
     /tmp/ccgit7Ho.s:18     .text.MX_GPIO_Init:0000000000000000 $t
     /tmp/ccgit7Ho.s:25     .text.MX_GPIO_Init:0000000000000000 MX_GPIO_Init
     /tmp/ccgit7Ho.s:95     .text.MX_GPIO_Init:0000000000000048 $d
     /tmp/ccgit7Ho.s:100    .text.Task1:0000000000000000 $t
     /tmp/ccgit7Ho.s:107    .text.Task1:0000000000000000 Task1
     /tmp/ccgit7Ho.s:345    .text.Task1:00000000000001d0 $d
     /tmp/ccgit7Ho.s:378    .text.StartDefaultTask:0000000000000000 $t
     /tmp/ccgit7Ho.s:385    .text.StartDefaultTask:0000000000000000 StartDefaultTask
     /tmp/ccgit7Ho.s:564    .text.StartDefaultTask:0000000000000118 $d
     /tmp/ccgit7Ho.s:584    .text.HAL_CAN_RxFifo0MsgPendingCallback:0000000000000000 $t
     /tmp/ccgit7Ho.s:591    .text.HAL_CAN_RxFifo0MsgPendingCallback:0000000000000000 HAL_CAN_RxFifo0MsgPendingCallback
     /tmp/ccgit7Ho.s:645    .text.HAL_CAN_RxFifo0MsgPendingCallback:0000000000000038 $d
     /tmp/ccgit7Ho.s:699    .text.HAL_CAN_RxFifo0MsgPendingCallback:0000000000000074 $d
     /tmp/ccgit7Ho.s:710    .text.testCan:0000000000000000 $t
     /tmp/ccgit7Ho.s:717    .text.testCan:0000000000000000 testCan
     /tmp/ccgit7Ho.s:730    .text.HAL_TIM_PeriodElapsedCallback:0000000000000000 $t
     /tmp/ccgit7Ho.s:737    .text.HAL_TIM_PeriodElapsedCallback:0000000000000000 HAL_TIM_PeriodElapsedCallback
     /tmp/ccgit7Ho.s:771    .text.HAL_TIM_PeriodElapsedCallback:0000000000000014 $d
     /tmp/ccgit7Ho.s:776    .text.Error_Handler:0000000000000000 $t
     /tmp/ccgit7Ho.s:783    .text.Error_Handler:0000000000000000 Error_Handler
     /tmp/ccgit7Ho.s:815    .text.SystemClock_Config:0000000000000000 $t
     /tmp/ccgit7Ho.s:822    .text.SystemClock_Config:0000000000000000 SystemClock_Config
     /tmp/ccgit7Ho.s:970    .text.SystemClock_Config:00000000000000a0 $d
     /tmp/ccgit7Ho.s:976    .text.main:0000000000000000 $t
     /tmp/ccgit7Ho.s:983    .text.main:0000000000000000 main
     /tmp/ccgit7Ho.s:1059   .text.main:0000000000000054 $d
     /tmp/ccgit7Ho.s:1198   .data.direction:0000000000000000 direction
     /tmp/ccgit7Ho.s:1224   .data.min_pos:0000000000000000 min_pos
     /tmp/ccgit7Ho.s:1218   .data.max_pos:0000000000000000 max_pos
     /tmp/ccgit7Ho.s:1132   .bss.current_pos:0000000000000000 current_pos
     /tmp/ccgit7Ho.s:1230   .data.speed:0000000000000000 speed
     /tmp/ccgit7Ho.s:1205   .data.dt:0000000000000000 dt
     /tmp/ccgit7Ho.s:1212   .data.f:0000000000000000 f
     /tmp/ccgit7Ho.s:1112   .bss.anpha:0000000000000000 anpha
     /tmp/ccgit7Ho.s:1193   .bss.motorID_5:0000000000000000 motorID_5
     /tmp/ccgit7Ho.s:1186   .bss.motorID_4:0000000000000000 motorID_4
     /tmp/ccgit7Ho.s:1179   .bss.motorID_3:0000000000000000 motorID_3
     /tmp/ccgit7Ho.s:1172   .bss.motorID_2:0000000000000000 motorID_2
     /tmp/ccgit7Ho.s:1165   .bss.motorID_1:0000000000000000 motorID_1
     /tmp/ccgit7Ho.s:1158   .bss.joint_state:0000000000000000 joint_state
     /tmp/ccgit7Ho.s:1152   .bss.joint_cmd:0000000000000000 joint_cmd
     /tmp/ccgit7Ho.s:1119   .bss.can_rx:0000000000000000 can_rx
     /tmp/ccgit7Ho.s:1126   .bss.can_tx:0000000000000000 can_tx
     /tmp/ccgit7Ho.s:1237   .rodata.Task1_attributes:0000000000000000 Task1_attributes
     /tmp/ccgit7Ho.s:1090   .rodata.str1.4:0000000000000000 $d
     /tmp/ccgit7Ho.s:1105   .bss.Task1Handle:0000000000000000 Task1Handle
     /tmp/ccgit7Ho.s:1248   .rodata.defaultTask_attributes:0000000000000000 defaultTask_attributes
     /tmp/ccgit7Ho.s:1139   .bss.defaultTaskHandle:0000000000000000 defaultTaskHandle
     /tmp/ccgit7Ho.s:1146   .bss.hcan2:0000000000000000 hcan2
     /tmp/ccgit7Ho.s:1101   .bss.Task1Handle:0000000000000000 $d
     /tmp/ccgit7Ho.s:1108   .bss.anpha:0000000000000000 $d
     /tmp/ccgit7Ho.s:1115   .bss.can_rx:0000000000000000 $d
     /tmp/ccgit7Ho.s:1122   .bss.can_tx:0000000000000000 $d
     /tmp/ccgit7Ho.s:1129   .bss.current_pos:0000000000000000 $d
     /tmp/ccgit7Ho.s:1135   .bss.defaultTaskHandle:0000000000000000 $d
ARM GAS  /tmp/ccgit7Ho.s 			page 52


     /tmp/ccgit7Ho.s:1142   .bss.hcan2:0000000000000000 $d
     /tmp/ccgit7Ho.s:1149   .bss.joint_cmd:0000000000000000 $d
     /tmp/ccgit7Ho.s:1155   .bss.joint_state:0000000000000000 $d
     /tmp/ccgit7Ho.s:1161   .bss.motorID_1:0000000000000000 $d
     /tmp/ccgit7Ho.s:1168   .bss.motorID_2:0000000000000000 $d
     /tmp/ccgit7Ho.s:1175   .bss.motorID_3:0000000000000000 $d
     /tmp/ccgit7Ho.s:1182   .bss.motorID_4:0000000000000000 $d
     /tmp/ccgit7Ho.s:1189   .bss.motorID_5:0000000000000000 $d
     /tmp/ccgit7Ho.s:1201   .data.dt:0000000000000000 $d
     /tmp/ccgit7Ho.s:1208   .data.f:0000000000000000 $d
     /tmp/ccgit7Ho.s:1215   .data.max_pos:0000000000000000 $d
     /tmp/ccgit7Ho.s:1221   .data.min_pos:0000000000000000 $d
     /tmp/ccgit7Ho.s:1227   .data.speed:0000000000000000 $d
     /tmp/ccgit7Ho.s:1233   .rodata.Task1_attributes:0000000000000000 $d
     /tmp/ccgit7Ho.s:1244   .rodata.defaultTask_attributes:0000000000000000 $d
     /tmp/ccgit7Ho.s:650    .text.HAL_CAN_RxFifo0MsgPendingCallback:000000000000003d $d
     /tmp/ccgit7Ho.s:650    .text.HAL_CAN_RxFifo0MsgPendingCallback:000000000000003e $t

UNDEFINED SYMBOLS
osDelay
DataCmdJoint
MasterSendData_2
__aeabi_f2d
__aeabi_dmul
__aeabi_d2f
__aeabi_dcmpge
__aeabi_dsub
sinf
HAL_CAN_GetRxFifoFillLevel
HAL_CAN_GetRxMessage
Master_Unpack_State_2
HAL_IncTick
memset
HAL_RCC_OscConfig
HAL_RCC_ClockConfig
HAL_Init
MX_CAN2_Init
can_rx_init
can_tx_init
HAL_CAN_Start
HAL_CAN_ActivateNotification
osKernelInitialize
osThreadNew
osKernelStart
